,track_name,artist,release_date,album,content_id,track_number,album_artist,composer,isrc,spotify_search_track_name,spotify_search_artist,spotify_search_album,spotify_track_uri,spotify_artist_uri,spotify_release_year,spotify_total_tracks,spotify_add_album,spotify_album_uri
13,Heroes Everything,Pyrit,2015-06-26T12:00:00Z,Ufo,1252837410,1,,,,Heroes Everything,Pyrit,Ufo,,,2015,0,False,
20,On My Way to You,Martin Klein,2008-11-14T12:00:00Z,Songs for My Piano,1484750464,1,,,,On My Way to You,Martin Klein,Songs for My Piano,,,2008,0,False,
69,Odds and Ends,Slut,2007-01-01T12:00:00Z,StillNo1 (Bonus Track Version),713210099,1,,,,Odds and Ends,Slut,StillNo1,,,2007,0,False,
126,Baluba Shake,Brunetta,1966-01-01T12:00:00Z,Baluba Shake (The Essential: Ri-Fi Record Original Recordings),1404371965,1,,,,Baluba Shake,Brunetta,Baluba Shake,,,1966,0,False,
154,Little Numbers,BOY,2012,Mutual Friends,1445874529,1,,,,Little Numbers,BOY,Mutual Friends,,,2012,0,False,
213,Crocodile Rock,Elton John,1972-10-27T07:00:00Z,Don't Shoot Me I'm Only The Piano Player,1440926343,1,,,,Crocodile Rock,Elton John,Dont Shoot Me Im Only The Piano Player,,,1972,0,False,
248,,Yann Tiersen,2001-10-05T07:00:00Z,L'absente,695731250,1,,,,,Yann Tiersen,Labsente,,,2001,0,False,
251,Roll Your Own,,2020-06-05T07:00:00Z,Dream Queen,1517138654,1,,,,Roll Your Own,,Dream Queen,,,2020,0,False,
253,Dream Queen,,2020-06-05T07:00:00Z,Dream Queen,1517138656,1,,,,Dream Queen,,Dream Queen,,,2020,0,False,
254,Priscilla,,2020-06-05T07:00:00Z,Dream Queen,1517138651,1,,,,Priscilla,,Dream Queen,,,2020,0,False,
255,In the Mouth of the Beast,,2020-06-05T07:00:00Z,Dream Queen,1517138652,1,,,,In the Mouth of the Beast,,Dream Queen,,,2020,0,False,
269,Conc de Aranjuez: II. Adagio,André Previn & London Symphony Orchestra,1900-01-01T00:00:00Z,"Rodrigo: Concierto de Aranjuez, Fantasia & Elogio de Guitarra",714394981,1,,,,Conc de Aranjuez: II. Adagio,André Previn,"Rodrigo: Concierto de Aranjuez, Fantasia & Elogio de Guitarra",,,1900,0,False,
270,Enjoy the Ride (feat. Judie Tzuke),Morcheeba,2007-01-01T12:00:00Z,Dive Deep,1444352296,1,,,,Enjoy the Ride,Morcheeba,Dive Deep,,,2007,0,False,
275,"Trois Gnossiennes: No. 3, Lent",Alexandre Tharaud,2008-01-01T08:00:00Z,Satie: Avant-dernières pensées,300887816,1,,,,"Trois Gnossiennes: No. 3, Lent",Alexandre Tharaud,Satie: Avant-dernières pensées,,,2008,0,False,
278,,Lang Lang,2019-03-29T07:00:00Z,Piano Book (Deluxe Edition),1448484237,1,,,,,Lang Lang,Piano Book,,,2019,0,False,
279,Where Evil Grows,Poppy Family & Terry Jacks,1974-01-01T12:00:00Z,40 Seasons in the Sun,1138951890,1,,,,Where Evil Grows,Poppy Family,40 Seasons in the Sun,,,1974,0,False,
294,Mental Movement (Marino Stephano Remix),Overtone,1999-08-16T12:00:00Z,Mental Movement - Remixes - Single,1184969207,1,,,,Mental Movement,Overtone,Mental Movement - Remixes - Single,,,1999,0,False,
308,Abide With Me,"London Philharmonic Concert Society, John Alldis & National Philharmonic Orchestra",1980-01-01T12:00:00Z,Hymns Triumphant,715470126,1,,,,Abide With Me,"London Philharmonic Concert Society, John Alldis",Hymns Triumphant,,,1980,0,False,
309,"Genius (feat. Lil Wayne, Sia, Diplo & Labrinth) [Lil Wayne Remix]",LSD,2019-01-17T08:00:00Z,"Genius (feat. Lil Wayne, Sia, Diplo & Labrinth) [Lil Wayne Remix] - Single",1448545274,1,,,,Genius,LSD,Genius - Single,,,2019,0,False,
312,Crocodile Rock (Performed by Elton John),Various Artists & Jeff Danna,2002-08-02T07:00:00Z,Kid Stays in the Picture (Original Motion Picture Soundtrack),1412016949,1,,,,Crocodile Rock,Various Artists,Kid Stays in the Picture,,,2002,0,False,
313,Contact,Brigitte Bardot,1968-01-01T12:00:00Z,Brigitte Bardot Show 67,1442915820,1,,,,Contact,Brigitte Bardot,Brigitte Bardot Show 67,,,1968,0,False,
357,Lee,Unloved,2018-11-16T12:00:00Z,Heartbreak,1435558155,1,,,,Lee,Unloved,Heartbreak,,,2018,0,False,
358,Danger,Barry Woolnough & Unloved,2018-11-16T12:00:00Z,Heartbreak,1435558156,1,,,,Danger,Barry Woolnough,Heartbreak,,,2018,0,False,
367,Falling in Love (feat. Jessy),Mackenzie,2010-11-26T12:00:00Z,Falling in Love (feat. Jessy) - EP,1489656865,1,,,,Falling in Love,Mackenzie,Falling in Love - EP,,,2010,0,False,
372,"Pavane, Op. 50","Sol Gabetta, Prague Philharmonic Orchestra & Charles Olivieri-Munroe",2008-09-04T12:00:00Z,Cantabile,302564487,1,,,,"Pavane, Op. 50","Sol Gabetta, Prague Philharmonic Orchestra",Cantabile,,,2008,0,False,
373,À Chloris,"Sol Gabetta, Prague Philharmonic Orchestra & Charles Olivieri-Munroe",2008-09-04T12:00:00Z,Cantabile,302564485,1,,,,À Chloris,"Sol Gabetta, Prague Philharmonic Orchestra",Cantabile,,,2008,0,False,
376,Eternal Rapsody,Marino Stephano,1998-04-20T12:00:00Z,Eternal Rapsody - Single,554342289,1,,,,Eternal Rapsody,Marino Stephano,Eternal Rapsody - Single,,,1998,0,False,
389,My Baby Just Cares for Me,Nina Simone,1958-06-24T07:00:00Z,Very Best of Jazz: 50 Unforgettable Tracks (Remastered),539447009,1,,,,My Baby Just Cares for Me,Nina Simone,Very Best of Jazz: 50 Unforgettable Tracks,,,1958,0,False,
391,Kids In America,Kim Wilde,1974-01-01T12:00:00Z,Hits Collection,1243132291,1,,,,Kids In America,Kim Wilde,Hits Collection,,,1974,0,False,
392,Si tu n'étais pas là,Fréhel,2001-04-23T07:00:00Z,Amelie from Montmartre (Original Soundtrack),1222017748,1,,,,Si tu nétais pas là,Fréhel,Amelie from Montmartre,,,2001,0,True,
404,Comptine d'un autre été : La démarche,Yann Tiersen,2001-04-23T07:00:00Z,Amelie from Montmartre (Original Soundtrack),1222017759,1,,,,Comptine dun autre été : La démarche,Yann Tiersen,Amelie from Montmartre,,,2001,0,True,
405,"Music for Jean-Pierre Jeunet's Movie ""Le Fabuleux destin d'Amélie Poulain"" (2001): No. 3, La Valse d'Amélie (Solo Piano Version)",Yann Tiersen,2001-04-23T07:00:00Z,Amelie from Montmartre (Original Soundtrack),1222017754,1,,,,"Music for Jean-Pierre Jeunets Movie ""Le Fabuleux destin dAmélie Poulain""",Yann Tiersen,Amelie from Montmartre,,,2001,0,True,
478,La Marseillaise,Otto Jensen,1997-01-01T12:00:00Z,Follow The Band,323653001,1,,,,La Marseillaise,Otto Jensen,Follow The Band,,,1997,0,False,
479,Innerbloom,RÜFÜS,2015-11-20T12:00:00Z,"Alpine Grooves, Vol. 8 (Kristallhütte)",1489344152,1,,,,Innerbloom,RÜFÜS,"Alpine Grooves, Vol. 8",,,2015,0,False,
483,I Only Have Eyes for You,Flamingos,1958-12-01T12:00:00Z,I Only Have Eyes for You,1388986917,1,,,,I Only Have Eyes for You,Flamingos,I Only Have Eyes for You,,,1958,0,False,
484,Nearer To Thee,Sam Cooke,1965-01-01T12:00:00Z,Strictly R&B Classics Vol 9,527728408,1,,,,Nearer To Thee,Sam Cooke,Strictly R&B Classics Vol 9,,,1965,0,False,
485,Dance Of The Blessed Spirits From Orfeo Ed Euridice,Dance Of The Blessed Spirits,1990-01-01T12:00:00Z,Dance Of The Blessed Spirits,19105164,1,,,,Dance Of The Blessed Spirits From Orfeo Ed Euridice,Dance Of The Blessed Spirits,Dance Of The Blessed Spirits,,,1990,0,False,
529,Evil Woman,Guy Darrell,2011-01-01T12:00:00Z,"Floor Filler Killers. New Directions, Vol. 3 (Remastered)",886229868,1,,,,Evil Woman,Guy Darrell,"Floor Filler Killers. New Directions, Vol. 3",,,2011,0,False,
535,Dangerous Charms,Delmonas,1989-01-01T12:00:00Z,Delmonas,893462584,1,,,,Dangerous Charms,Delmonas,Delmonas,,,1989,0,False,
537,Tighten Up,Black Keys,2010-01-01T12:00:00Z,Brothers (Deluxe Remastered Anniversary Edition),1542588732,1,,,,Tighten Up,Black Keys,Brothers,,,2010,0,False,
603,Love - Freedom - Tolerance (Official Street Parade 2001 Hymn) [Fridge vs. Mind-X Single Edit],Mind-X,2001-07-27T12:00:00Z,Love - Freedom - Tolerance (Official Street Parade 2001 Hymn),1475116247,1,,,,Love - Freedom - Tolerance,Mind-X,Love - Freedom - Tolerance,,,2001,0,False,
628,Mi música,Artista Uno,2017-06-30T07:00:00Z,Mi música - Single,1253947305,1,,,,Mi música,Artista Uno,Mi música - Single,,,2017,0,False,
630,Beast,Nina Kinert,2008-04-09T12:00:00Z,Pets & Friends,815058849,1,,,,Beast,Nina Kinert,Pets & Friends,,,2008,0,False,
641,"I Loves You, Porgy (2021 - Stereo Remaster)",Nina Simone,1958-01-01T12:00:00Z,Little Girl Blue (2021 - Stereo Remaster),1569630195,1,,,,"I Loves You, Porgy",Nina Simone,Little Girl Blue,,,1958,0,False,
642,Little Girl Blue (2021 - Stereo Remaster),Nina Simone,1958-06-24T12:00:00Z,Little Girl Blue (2021 - Stereo Remaster),1568988850,1,,,,Little Girl Blue,Nina Simone,Little Girl Blue,,,1958,0,False,
643,Little Girl Blue (2021 - Stereo Remaster),Nina Simone,1959-02-01T12:00:00Z,Little Girl Blue (2021 - Stereo Remaster),1569629975,1,,,,Little Girl Blue,Nina Simone,Little Girl Blue,,,1959,0,False,
651,My Baby Just Cares for Me,Nina Simone,1958-01-01T12:00:00Z,Mood Indigo: The Complete Bethlehem Singles,1716001920,1,,,,My Baby Just Cares for Me,Nina Simone,Mood Indigo: The Complete Bethlehem Singles,,,1958,0,False,
652,"I Loves You, Porgy (2014 - Remaster)",Nina Simone,1958-01-01T12:00:00Z,Mood Indigo: The Complete Bethlehem Singles,1716001423,1,,,,"I Loves You, Porgy",Nina Simone,Mood Indigo: The Complete Bethlehem Singles,,,1958,0,False,
674,Love Letters,Metronomy,2013-05-20T12:00:00Z,Love Letters,824847476,1,,,,Love Letters,Metronomy,Love Letters,,,2013,0,False,
906,Old Man,Harrys Gym,2010,What Was Ours Can't Be Yours,408896557,"(1, 12)",Harrys Gym,Anne Lise Frøkedal,,Old Man,Harrys Gym,What Was Ours Cant Be Yours,,,2010,0,False,
919,Can It Be Love?,Samantha Mumba,2000,Gotta Tell You [Single],,"(2, 3)",Samantha Mumba,Janski,,Can It Be Love?,Samantha Mumba,Gotta Tell You,,,2000,0,False,
920,Where Does It End Now?,Samantha Mumba,2000,Gotta Tell You [Single],,"(3, 3)",Samantha Mumba,B. Padley/N. Morris/J. Godfrey,,Where Does It End Now?,Samantha Mumba,Gotta Tell You,,,2000,0,False,
921,Sabotage,Tracei J,,Sabotage,,"(1, 1)",Tracei J,,,Sabotage,Tracei J,Sabotage,,,,0,False,
922,Lovely Lollo,Tracei J,1999,Lovely Lollo,,"(1, 1)",Tracei J,,,Lovely Lollo,Tracei J,Lovely Lollo,,,1999,0,False,
1028,In the Night,Basia Bulat,2008-02-04T08:00:00Z,In the Night - EP,272612683,"(1, 3)",Basia Bulat,Basia Bulat,,In the Night,Basia Bulat,In the Night - EP,,,2008,0,False,
1029,Touch the Hem of His Garment (Bonus Track),Basia Bulat,2008-02-04T08:00:00Z,In the Night - EP,272612690,"(3, 3)",Basia Bulat,Sam Cooke,,Touch the Hem of His Garment,Basia Bulat,In the Night - EP,,,2008,0,False,
1030,Before I Knew,Basia Bulat,2008-02-04T08:00:00Z,In the Night - EP,272612686,"(2, 3)",Basia Bulat,Basia Bulat,,Before I Knew,Basia Bulat,In the Night - EP,,,2008,0,False,
1174,Over The Weekend,Scary Mansion,2009-11-04T08:00:00Z,Make Me Cry,394935291,"(2, 9)",Scary Mansion,,,Over The Weekend,Scary Mansion,Make Me Cry,,,2009,0,False,
1322,Buttons,Sia,2010,"Sia Live: The We Meaning You Tour [27.05.2010 @ The Roundhouse, London]",,"(2, 8)",Sia,,,Buttons,Sia,Sia Live: The We Meaning You Tour,,,2010,0,True,
1323,Oh Father / You've Changed,Sia,2010,"Sia Live: The We Meaning You Tour [27.05.2010 @ The Roundhouse, London]",,"(5, 8)",Sia,,,Oh Father / Youve Changed,Sia,Sia Live: The We Meaning You Tour,,,2010,0,True,
1324,Little Black Sandals,Sia,2010,"Sia Live: The We Meaning You Tour [27.05.2010 @ The Roundhouse, London]",,"(4, 8)",Sia,,,Little Black Sandals,Sia,Sia Live: The We Meaning You Tour,,,2010,0,True,
1328,The Girl You Lost To Cocaine,Sia,2010,"Sia Live: The We Meaning You Tour [27.05.2010 @ The Roundhouse, London]",,"(8, 8)",Sia,,,The Girl You Lost To Cocaine,Sia,Sia Live: The We Meaning You Tour,,,2010,0,True,
1330,You Have Been Loved,Sia,2010,"Sia Live: The We Meaning You Tour [27.05.2010 @ The Roundhouse, London]",,"(4, 7)",Sia,,,You Have Been Loved,Sia,Sia Live: The We Meaning You Tour,,,2010,0,True,
1331,I Go To Sleep,Sia,2010,"Sia Live: The We Meaning You Tour [27.05.2010 @ The Roundhouse, London]",,"(1, 7)",Sia,,,I Go To Sleep,Sia,Sia Live: The We Meaning You Tour,,,2010,0,True,
1332,Day Too Soon,Sia,2010,"Sia Live: The We Meaning You Tour [27.05.2010 @ The Roundhouse, London]",,"(6, 7)",Sia,,,Day Too Soon,Sia,Sia Live: The We Meaning You Tour,,,2010,0,True,
1334,Lentil,Sia,2010,"Sia Live: The We Meaning You Tour [27.05.2010 @ The Roundhouse, London]",,"(6, 8)",Sia,,,Lentil,Sia,Sia Live: The We Meaning You Tour,,,2010,0,True,
1336,Soon We'll Be Found,Sia,2010,"Sia Live: The We Meaning You Tour [27.05.2010 @ The Roundhouse, London]",,"(7, 7)",Sia,,,Soon Well Be Found,Sia,Sia Live: The We Meaning You Tour,,,2010,0,True,
1479,Swollen,Faithless,,The bedroom sessions,,1,,Faithless,,Swollen,Faithless,The bedroom sessions,,,,0,True,
1480,Morning After,Faithless,,The bedroom sessions,,1,,Faithless,,Morning After,Faithless,The bedroom sessions,,,,0,True,
1481,You Cut Her Hair,Faithless,,The bedroom sessions,,1,,Faithless,,You Cut Her Hair,Faithless,The bedroom sessions,,,,0,True,
1482,Track 1,Faithless,,The bedroom sessions,,1,,Faithless,,Track 1,Faithless,The bedroom sessions,,,,0,True,
1484,We Can Make It,Faithless,,The bedroom sessions,,1,,Faithless,,We Can Make It,Faithless,The bedroom sessions,,,,0,True,
1485,Can We Live,Faithless,,The bedroom sessions,,1,,Faithless,,Can We Live,Faithless,The bedroom sessions,,,,0,True,
1536,Trentemöller mix,Djuma Soundsystem,2007-04-30T07:00:00Z,Les Djinns - EP,251679198,"(1, 3)",Djuma Soundsystem,,,Trentemöller mix,Djuma Soundsystem,Les Djinns - EP,,,2007,0,False,
1548,Last Another Day,Freud,2009-03-10T07:00:00Z,Freud: Best Most Beautiful ...,305340859,"(4, 12)",Freud,Freud,,Last Another Day,Freud,Freud: Best Most Beautiful ...,,,2009,0,False,
1613,Subcity,Tracy Chapman,2001,Tracy Chapman Collection,,"(2, 16)",Tracy Chapman,Tracy Chapman,,Subcity,Tracy Chapman,Tracy Chapman Collection,,,2001,0,True,
1614,The Promise,Tracy Chapman,2001,Tracy Chapman Collection,,"(4, 16)",Tracy Chapman,Tracy Chapman,,The Promise,Tracy Chapman,Tracy Chapman Collection,,,2001,0,True,
1615,Talkin' Bout A Revolution,Tracy Chapman,2001,Tracy Chapman Collection,,"(14, 16)",Tracy Chapman,,,Talkin Bout A Revolution,Tracy Chapman,Tracy Chapman Collection,,,2001,0,True,
1616,She's Got Her Ticket,Tracy Chapman,2001,Tracy Chapman Collection,,"(15, 16)",Tracy Chapman,Tracy Chapman,,Shes Got Her Ticket,Tracy Chapman,Tracy Chapman Collection,,,2001,0,True,
1617,Open Arms,Tracy Chapman,2001,Tracy Chapman Collection,,"(12, 16)",Tracy Chapman,,,Open Arms,Tracy Chapman,Tracy Chapman Collection,,,2001,0,True,
1618,Baby Can I Hold You,Tracy Chapman,2001,Tracy Chapman Collection,,"(3, 16)",Tracy Chapman,Tracy Chapman,,Baby Can I Hold You,Tracy Chapman,Tracy Chapman Collection,,,2001,0,True,
1619,I'm Ready,Tracy Chapman,2001,Tracy Chapman Collection,,"(5, 16)",Tracy Chapman,Tracy Chapman,,Im Ready,Tracy Chapman,Tracy Chapman Collection,,,2001,0,True,
1620,Telling Stories,Tracy Chapman,2001,Tracy Chapman Collection,,"(8, 16)",Tracy Chapman,,,Telling Stories,Tracy Chapman,Tracy Chapman Collection,,,2001,0,True,
1621,Bang Bang Bang,Tracy Chapman,2001,Tracy Chapman Collection,,"(7, 16)",Tracy Chapman,,,Bang Bang Bang,Tracy Chapman,Tracy Chapman Collection,,,2001,0,True,
1622,Wedding Song,Tracy Chapman,2001,Tracy Chapman Collection,,"(11, 16)",Tracy Chapman,,,Wedding Song,Tracy Chapman,Tracy Chapman Collection,,,2001,0,True,
1623,Crossroads,Tracy Chapman,2001,Tracy Chapman Collection,,"(6, 16)",Tracy Chapman,,,Crossroads,Tracy Chapman,Tracy Chapman Collection,,,2001,0,True,
1624,Speak The Word,Tracy Chapman,2001,Tracy Chapman Collection,,"(10, 16)",Tracy Chapman,,,Speak The Word,Tracy Chapman,Tracy Chapman Collection,,,2001,0,True,
1625,Give Me One Reason,Tracy Chapman,2001,Tracy Chapman Collection,,"(13, 16)",Tracy Chapman,,,Give Me One Reason,Tracy Chapman,Tracy Chapman Collection,,,2001,0,True,
1626,Smoke And Ashes,Tracy Chapman,2001,Tracy Chapman Collection,,"(9, 16)",Tracy Chapman,,,Smoke And Ashes,Tracy Chapman,Tracy Chapman Collection,,,2001,0,True,
1627,All That You Have Is Your Soul,Tracy Chapman,2001,Tracy Chapman Collection,,"(16, 16)",Tracy Chapman,,,All That You Have Is Your Soul,Tracy Chapman,Tracy Chapman Collection,,,2001,0,True,
1628,Fast Car,Tracy Chapman,1987,Tracy Chapman Collection,,"(1, 16)",Tracy Chapman,Victor Garcia,,Fast Car,Tracy Chapman,Tracy Chapman Collection,,,1987,0,True,
1633,"Summer Me, Winter Me",Various Artists,,Arcaffe Jazz Collection II,,"(7, 13)",Various Artists,,,"Summer Me, Winter Me",Various Artists,Arcaffe Jazz Collection II,,,,0,True,
1634,Theme From Elvira Madigan,Various Artists,,Arcaffe Jazz Collection II,,"(5, 13)",Various Artists,,,Theme From Elvira Madigan,Various Artists,Arcaffe Jazz Collection II,,,,0,True,
1636,I'm Thru With Love,Various Artists,,Arcaffe Jazz Collection II,,"(2, 13)",Various Artists,,,Im Thru With Love,Various Artists,Arcaffe Jazz Collection II,,,,0,True,
1640,Till There Was You,Various Artists,,Arcaffe Jazz Collection II,,"(1, 13)",Various Artists,,,Till There Was You,Various Artists,Arcaffe Jazz Collection II,,,,0,True,
1643,La Chanson Des Vieux Amants,Various Artists,,Arcaffe Jazz Collection II,,"(3, 13)",Various Artists,,,La Chanson Des Vieux Amants,Various Artists,Arcaffe Jazz Collection II,,,,0,True,
1820,Be The One (MTV),Melanie C,2000,I Turn To You [Single],,"(3, 3)",Melanie C,,,Be The One,Melanie C,I Turn To You,,,2000,0,False,spotify:album:6vJvHsZI9iRVvAo9jp1dQV
1951,Head Over Heals,Tears for Fears,,Best of,,1,,Tears for Fears,,Head Over Heals,Tears for Fears,Best of,,,,0,True,
1954,Laid so Low ( Tears Roll Down ),Tears for Fears,,Best of,,1,,Tears for Fears,,Laid so Low,Tears for Fears,Best of,,,,0,True,
1976,Old Man,Neil Young,1972,Harvest,,"(6, 10)",Neil Young,,,Old Man,Neil Young,Harvest,,,1972,0,True,
1977,A Man Needs A Maid,Neil Young,1972,Harvest,,"(3, 10)",Neil Young,,,A Man Needs A Maid,Neil Young,Harvest,,,1972,0,True,
1978,Heart Of Gold,Neil Young,1972,Harvest,,"(4, 10)",Neil Young,,,Heart Of Gold,Neil Young,Harvest,,,1972,0,True,
1979,Words (Between The Lines Of Age),Neil Young,1972,Harvest,,"(10, 10)",Neil Young,,,Words,Neil Young,Harvest,,,1972,0,True,
1980,Are You Ready For The Country?,Neil Young,1972,Harvest,,"(5, 10)",Neil Young,,,Are You Ready For The Country?,Neil Young,Harvest,,,1972,0,True,
1981,Alabama,Neil Young,1972,Harvest,,"(8, 10)",Neil Young,,,Alabama,Neil Young,Harvest,,,1972,0,True,
1982,Out On The Weekend,Neil Young,1972,Harvest,,"(1, 10)",Neil Young,,,Out On The Weekend,Neil Young,Harvest,,,1972,0,True,
1983,The Needle And The Damage Done,Neil Young,1972,Harvest,,"(9, 10)",Neil Young,,,The Needle And The Damage Done,Neil Young,Harvest,,,1972,0,True,
1984,There's A World,Neil Young,1972,Harvest,,"(7, 10)",Neil Young,,,Theres A World,Neil Young,Harvest,,,1972,0,True,
1985,Harvest,Neil Young,1972,Harvest,,"(2, 10)",Neil Young,,,Harvest,Neil Young,Harvest,,,1972,0,True,
2015,Be My Man,Aṣa,2010,Beautiful Imperfection,421564037,"(3, 13)",Aṣa,,,Be My Man,Aṣa,Beautiful Imperfection,,,2010,0,False,
2104,Take Me to Church,Hozier,2013,Take Me to Church - Single,843554538,"(1, 1)",Hozier,Andrew Hozier-Byrne,,Take Me to Church,Hozier,Take Me to Church - Single,,,2013,0,False,
2126,When I Was Your Man,Mike Ward,2013-06-07T07:00:00Z,When I Was Your Man - Single,658952204,"(1, 1)",Mike Ward,"Ari Levine, Bruno Mars, Andrew Wyatt & Philip Lawrence",,When I Was Your Man,Mike Ward,When I Was Your Man - Single,,,2013,0,False,
2127,Picking Up the Pieces,Mike Ward,2013-06-16T07:00:00Z,Picking Up the Pieces - Single,662166952,"(1, 1)",Mike Ward,"Paloma Faith, Wayne Hector & Tim Powell",,Picking Up the Pieces,Mike Ward,Picking Up the Pieces - Single,,,2013,0,False,
2168,The Organ Grinder's Swing,Mike Figgis,1997,One Night Stand,,"(4, 18)",Mike Figgis,"Parish, Mitchell/Hudson, Will & Mills, Irving",,The Organ Grinders Swing,Mike Figgis,One Night Stand,,,1997,0,True,
2169,Cavatina,Mike Figgis,1997,One Night Stand,,"(18, 18)",Mike Figgis,"Van Beethoven, Ludwig",,Cavatina,Mike Figgis,One Night Stand,,,1997,0,True,
2170,I'd Like You To Stay,Mike Figgis,1997,One Night Stand,,"(8, 18)",Mike Figgis,"Figgis, Mike",,Id Like You To Stay,Mike Figgis,One Night Stand,,,1997,0,True,
2171,Karen And Max,Mike Figgis,1997,One Night Stand,,"(16, 18)",Mike Figgis,"Figgis, Mike",,Karen And Max,Mike Figgis,One Night Stand,,,1997,0,True,
2172,San Vincente,Mike Figgis,1997,One Night Stand,,"(10, 18)",Mike Figgis,"Figgis, Mike",,San Vincente,Mike Figgis,One Night Stand,,,1997,0,True,
2173,A Question For Charles?,Mike Figgis,1997,One Night Stand,,"(11, 18)",Mike Figgis,"Figgis, Mike",,A Question For Charles?,Mike Figgis,One Night Stand,,,1997,0,True,
2174,Maxwerk,Mike Figgis,1997,One Night Stand,,"(14, 18)",Mike Figgis,"Figgis, Mike",,Maxwerk,Mike Figgis,One Night Stand,,,1997,0,True,
2175,Liberty,Mike Figgis,1997,One Night Stand,,"(5, 18)",Mike Figgis,"Figgis, Mike",,Liberty,Mike Figgis,One Night Stand,,,1997,0,True,
2176,Angels #3,Mike Figgis,1997,One Night Stand,,"(17, 18)",Mike Figgis,"Figgis, Mike",,Angels #3,Mike Figgis,One Night Stand,,,1997,0,True,
2177,Air On A G String,Mike Figgis,1997,One Night Stand,,"(9, 18)",Mike Figgis,"Loussier, Jacques",,Air On A G String,Mike Figgis,One Night Stand,,,1997,0,True,
2178,Max And Karen,Mike Figgis,1997,One Night Stand,,"(3, 18)",Mike Figgis,"Figgis, Mike",,Max And Karen,Mike Figgis,One Night Stand,,,1997,0,True,
2179,Angels #2,Mike Figgis,1997,One Night Stand,,"(2, 18)",Mike Figgis,"Figgis, Mike",,Angels #2,Mike Figgis,One Night Stand,,,1997,0,True,
2180,Exactly Like You,Mike Figgis,1997,One Night Stand,,"(6, 18)",Mike Figgis,"McHugh, Jimmy (music)/Fields, Dorothy (lyrics)",,Exactly Like You,Mike Figgis,One Night Stand,,,1997,0,True,
2181,Life Is An Orange,Mike Figgis,1997,One Night Stand,,"(13, 18)",Mike Figgis,"Figgis, Mike",,Life Is An Orange,Mike Figgis,One Night Stand,,,1997,0,True,
2182,One Night Stand,Mike Figgis,1997,One Night Stand,,"(1, 18)",Mike Figgis,"Figgis, Mike",,One Night Stand,Mike Figgis,One Night Stand,,,1997,0,True,
2183,Heart Noir,Mike Figgis,1997,One Night Stand,,"(12, 18)",Mike Figgis,"Figgis, Mike",,Heart Noir,Mike Figgis,One Night Stand,,,1997,0,True,
2184,The Mugging,Mike Figgis,1997,One Night Stand,,"(7, 18)",Mike Figgis,"Figgis, Mike",,The Mugging,Mike Figgis,One Night Stand,,,1997,0,True,
2185,Graveyard Shift,Mike Figgis,1997,One Night Stand,,"(15, 18)",Mike Figgis,"Figgis, Mike",,Graveyard Shift,Mike Figgis,One Night Stand,,,1997,0,True,
2366,Cry Baby,Alexdrum,2008,Cafe Drechsler Is Back,,"(9, 13)",Alexdrum,,,Cry Baby,Alexdrum,Cafe Drechsler Is Back,,,2008,0,True,
2367,Afterhours,Alexdrum,2008,Cafe Drechsler Is Back,,"(10, 13)",Alexdrum,,,Afterhours,Alexdrum,Cafe Drechsler Is Back,,,2008,0,True,
2368,No Way (Featuring Fatima Spar & Peter Herbert),Alexdrum,2008,Cafe Drechsler Is Back,,"(7, 13)",Alexdrum,,,No Way,Alexdrum,Cafe Drechsler Is Back,,,2008,0,True,
2369,Small Talk (Featuring Clueso),Alexdrum,2008,Cafe Drechsler Is Back,,"(5, 13)",Alexdrum,,,Small Talk,Alexdrum,Cafe Drechsler Is Back,,,2008,0,True,
2370,Get The Ball Rolling (Featuring Hans Krankl & Anna F.),Alexdrum,2008,Cafe Drechsler Is Back,,"(11, 13)",Alexdrum,,,Get The Ball Rolling,Alexdrum,Cafe Drechsler Is Back,,,2008,0,True,
2371,Vienna Lounging (Featuring Otto Lechner),Alexdrum,2008,Cafe Drechsler Is Back,,"(2, 13)",Alexdrum,,,Vienna Lounging,Alexdrum,Cafe Drechsler Is Back,,,2008,0,True,
2372,Das Lied Ist Aus,Alexdrum,2008,Cafe Drechsler Is Back,,"(13, 13)",Alexdrum,,,Das Lied Ist Aus,Alexdrum,Cafe Drechsler Is Back,,,2008,0,True,
2373,Jiggy,Alexdrum,2008,Cafe Drechsler Is Back,,"(8, 13)",Alexdrum,,,Jiggy,Alexdrum,Cafe Drechsler Is Back,,,2008,0,True,
2374,Most Of All (Featuring Anna F.),Alexdrum,2008,Cafe Drechsler Is Back,,"(3, 13)",Alexdrum,,,Most Of All,Alexdrum,Cafe Drechsler Is Back,,,2008,0,True,
2375,Melange Á Trois,Alexdrum,2008,Cafe Drechsler Is Back,,"(6, 13)",Alexdrum,,,Melange Á Trois,Alexdrum,Cafe Drechsler Is Back,,,2008,0,True,
2376,Sidewalk Story (Featuring Matthieu Michel & Peter Herbert),Alexdrum,2008,Cafe Drechsler Is Back,,"(4, 13)",Alexdrum,,,Sidewalk Story,Alexdrum,Cafe Drechsler Is Back,,,2008,0,True,
2377,Back! (Featuring Stoney The Flute),Alexdrum,2008,Cafe Drechsler Is Back,,"(1, 13)",Alexdrum,,,Back!,Alexdrum,Cafe Drechsler Is Back,,,2008,0,True,
2378,Night Strolling (Featuring Otto lechner & Peter Herbert),Alexdrum,2008,Cafe Drechsler Is Back,,"(12, 13)",Alexdrum,,,Night Strolling,Alexdrum,Cafe Drechsler Is Back,,,2008,0,True,
2380,"`Happy Birthday, Maggie`",Various Artists,1993,Point Of No Return,,"(2, 9)",Various Artists,Hans Zimmer,,"Happy Birthday, Maggie",Various Artists,Point Of No Return,,,1993,0,False,
2382,Hate,Various Artists,1993,Point Of No Return,,"(1, 9)",Various Artists,Hans Zimmer,,Hate,Various Artists,Point Of No Return,,,1993,0,False,
2383,Black Is The Color Of My True Love's Hair,Nina Simone,1959,Point Of No Return,,"(9, 9)",Nina Simone,Nina Simone,,Black Is The Color Of My True Loves Hair,Nina Simone,Point Of No Return,,,1959,0,False,
2384,Hells Kitchen,Various Artists,1993,Point Of No Return,,"(4, 9)",Various Artists,Hans Zimmer,,Hells Kitchen,Various Artists,Point Of No Return,,,1993,0,False,
2385,Wedding Bells,Various Artists,1993,Point Of No Return,,"(3, 9)",Various Artists,Hans Zimmer,,Wedding Bells,Various Artists,Point Of No Return,,,1993,0,False,
2409,Tchaikovsky: Billy Elliot - Swan Lake: Scene (Swan Theme),Various Artists,,21st Century Cinema Classics,3551538,"(5, 15)",Dmitry Yablonsky & Russian State Symphony Orchestra,,,Tchaikovsky: Billy Elliot - Swan Lake: Scene,Various Artists,21st Century Cinema Classics,,,,0,False,
2410,Alive,Pearl Jam,1993,"Dad, I Blew Up America",,"(1, 16)",Pearl Jam,,,Alive,Pearl Jam,"Dad, I Blew Up America",,,1993,0,True,
2411,Jimmy Olsen's Blues,Spin Doctors,1993,"Dad, I Blew Up America",,"(2, 16)",Spin Doctors,,,Jimmy Olsens Blues,Spin Doctors,"Dad, I Blew Up America",,,1993,0,True,
2413,Jeremy,Pearl Jam,1993,"Dad, I Blew Up America",,"(9, 16)",Pearl Jam,,,Jeremy,Pearl Jam,"Dad, I Blew Up America",,,1993,0,True,
2415,Somebody To Shove,Soul Asylum,1993,"Dad, I Blew Up America",,"(6, 16)",Soul Asylum,,,Somebody To Shove,Soul Asylum,"Dad, I Blew Up America",,,1993,0,True,
2417,Be The One,Poi Dog Pondering,1993,"Dad, I Blew Up America",,"(7, 16)",Poi Dog Pondering,,,Be The One,Poi Dog Pondering,"Dad, I Blew Up America",,,1993,0,True,
2418,Uninvited,Alanis Morissette,1998,City Of Angels,,"(2, 14)",Alanis Morissette,,,Uninvited,Alanis Morissette,City Of Angels,,,1998,0,False,
2419,I Grieve,Peter Gabriel,1998,City Of Angels,,"(8, 14)",Peter Gabriel,Peter Gabriel,,I Grieve,Peter Gabriel,City Of Angels,,,1998,0,False,
2421,If God Will Send His Angels,U2,1998,City Of Angels,,"(1, 14)",U2,U2,,If God Will Send His Angels,U2,City Of Angels,,,1998,0,False,
2423,"Mama, You Got A Daughter",John Lee Hooker,1987,City Of Angels,,"(5, 14)",John Lee Hooker,,,"Mama, You Got A Daughter",John Lee Hooker,City Of Angels,,,1987,0,False,
2424,I Know,Jude,1998,City Of Angels,,"(9, 14)",Jude,,,I Know,Jude,City Of Angels,,,1998,0,False,
2428,Ready To Go,Various Artists,1996,The Female Touch [Disc 2],,"(3, 20)",Republica,,,Ready To Go,Various Artists,The Female Touch,,,1996,0,True,
2429,"Here, There And Everywhere",Various Artists,1975,The Female Touch [Disc 2],,"(14, 20)",Emmylou Harris,,,"Here, There And Everywhere",Various Artists,The Female Touch,,,1975,0,True,
2430,Don't Know Much,Various Artists,1989,The Female Touch [Disc 2],,"(13, 20)",Linda Ronstadt & Aaron Neville,,,Dont Know Much,Various Artists,The Female Touch,,,1989,0,True,
2431,Thorn In My Side,Various Artists,1986,The Female Touch [Disc 2],,"(6, 20)",Eurythmics,,,Thorn In My Side,Various Artists,The Female Touch,,,1986,0,True,
2432,Circle,Various Artists,1988,The Female Touch [Disc 2],,"(10, 20)",Edie Brickell & The New Bohemians,,,Circle,Various Artists,The Female Touch,,,1988,0,True,
2433,Late Night Grande Hotel,Various Artists,1991,The Female Touch [Disc 2],,"(15, 20)",Nanci Griffith,,,Late Night Grande Hotel,Various Artists,The Female Touch,,,1991,0,True,
2434,Part Of The Process,Various Artists,1998,The Female Touch [Disc 2],,"(8, 20)",Morcheeba,,,Part Of The Process,Various Artists,The Female Touch,,,1998,0,True,
2435,Angel From Montgomery,Various Artists,1974,The Female Touch [Disc 2],,"(17, 20)",Bonnie Raitt,,,Angel From Montgomery,Various Artists,The Female Touch,,,1974,0,True,
2436,Midnight At The Oasis,Various Artists,1974,The Female Touch [Disc 2],,"(12, 20)",Maria Muldaur,,,Midnight At The Oasis,Various Artists,The Female Touch,,,1974,0,True,
2437,Missing,Various Artists,1994,The Female Touch [Disc 2],,"(4, 20)",Everything But The Girl,,,Missing,Various Artists,The Female Touch,,,1994,0,True,
2438,She Cries Your Name,Various Artists,1996,The Female Touch [Disc 2],,"(9, 20)",Beth Orton,,,She Cries Your Name,Various Artists,The Female Touch,,,1996,0,True,
2439,Black Velvet,Various Artists,1989,The Female Touch [Disc 2],,"(18, 20)",Alannah Myles,,,Black Velvet,Various Artists,The Female Touch,,,1989,0,True,
2440,Stupid Girl,Various Artists,1996,The Female Touch [Disc 2],,"(2, 20)",Garbage,,,Stupid Girl,Various Artists,The Female Touch,,,1996,0,True,
2441,Time After Time,Various Artists,1983,The Female Touch [Disc 2],,"(7, 20)",Cyndi Lauper,,,Time After Time,Various Artists,The Female Touch,,,1983,0,True,
2442,From A Distance,Various Artists,1990,The Female Touch [Disc 2],,"(20, 20)",Bette Midler,,,From A Distance,Various Artists,The Female Touch,,,1990,0,True,
2443,Harry's Game,Various Artists,1983,The Female Touch [Disc 2],,"(19, 20)",Clannad,,,Harrys Game,Various Artists,The Female Touch,,,1983,0,True,
2444,Whole Of The Moon,Various Artists,1992,The Female Touch [Disc 2],,"(16, 20)",Jennifer Warnes,,,Whole Of The Moon,Various Artists,The Female Touch,,,1992,0,True,
2445,Road Rage,Various Artists,1998,The Female Touch [Disc 2],,"(1, 20)",Catatonia,,,Road Rage,Various Artists,The Female Touch,,,1998,0,True,
2446,You're So Vain,Various Artists,1972,The Female Touch [Disc 2],,"(11, 20)",Carly Simon,,,Youre So Vain,Various Artists,The Female Touch,,,1972,0,True,
2447,Patience Of Angels,Various Artists,1994,The Female Touch [Disc 1],,"(19, 20)",Eddi Reader,,,Patience Of Angels,Various Artists,The Female Touch,,,1994,0,True,
2448,Crush,Various Artists,1998,The Female Touch [Disc 1],,"(1, 20)",Jennifer Paige,,,Crush,Various Artists,The Female Touch,,,1998,0,True,
2449,Everywhere,Various Artists,1998,The Female Touch [Disc 1],,"(12, 20)",Fleetwood Mac,,,Everywhere,Various Artists,The Female Touch,,,1998,0,True,
2450,I Love You Always Forever,Various Artists,1996,The Female Touch [Disc 1],,"(9, 20)",Donna Lewis,,,I Love You Always Forever,Various Artists,The Female Touch,,,1996,0,True,
2451,One By One,Various Artists,1995,The Female Touch [Disc 1],,"(17, 20)",Cher,,,One By One,Various Artists,The Female Touch,,,1995,0,True,
2452,Stay I Missed You,Various Artists,1994,The Female Touch [Disc 1],,"(6, 20)",Lisa Loeb,,,Stay I Missed You,Various Artists,The Female Touch,,,1994,0,True,
2453,You Might Need Somebody,Various Artists,1997,The Female Touch [Disc 1],,"(15, 20)",Shola Ama,,,You Might Need Somebody,Various Artists,The Female Touch,,,1997,0,True,
2454,Constant Craving,Various Artists,1992,The Female Touch [Disc 1],,"(5, 20)","Lang, K.D.",,,Constant Craving,Various Artists,The Female Touch,,,1992,0,True,
2455,All Woman,Various Artists,1991,The Female Touch [Disc 1],,"(8, 20)",Lisa Stansfield,,,All Woman,Various Artists,The Female Touch,,,1991,0,True,
2456,Stranded,Various Artists,1998,The Female Touch [Disc 1],,"(13, 20)",Lutricia McNeal,,,Stranded,Various Artists,The Female Touch,,,1998,0,True,
2457,Show Me Love,Various Artists,1997,The Female Touch [Disc 1],,"(16, 20)",Robyn,,,Show Me Love,Various Artists,The Female Touch,,,1997,0,True,
2458,Where Have All The Cowboys Gone?,Various Artists,1996,The Female Touch [Disc 1],,"(11, 20)",Paula Cole,,,Where Have All The Cowboys Gone?,Various Artists,The Female Touch,,,1996,0,True,
2459,Everything's Gonna Be Alright,Various Artists,1997,The Female Touch [Disc 1],,"(14, 20)",Sweetbox,,,Everythings Gonna Be Alright,Various Artists,The Female Touch,,,1997,0,True,
2461,Show Me Heaven,Various Artists,1993,The Female Touch [Disc 1],,"(7, 20)",Maria McKee,,,Show Me Heaven,Various Artists,The Female Touch,,,1993,0,True,
2463,Silent All These Years,Various Artists,1992,The Female Touch [Disc 1],,"(20, 20)",Tori Amos,,,Silent All These Years,Various Artists,The Female Touch,,,1992,0,True,
2464,Kiss The Rain,Various Artists,1998,The Female Touch [Disc 1],,"(10, 20)",Billie Myers,,,Kiss The Rain,Various Artists,The Female Touch,,,1998,0,True,
2465,Adia,Various Artists,1997,The Female Touch [Disc 1],,"(4, 20)",Sarah McLachlan,,,Adia,Various Artists,The Female Touch,,,1997,0,True,
2466,Perfect,Various Artists,1988,The Female Touch [Disc 1],,"(18, 20)",Fairground Attraction,,,Perfect,Various Artists,The Female Touch,,,1988,0,True,
2481,Il Mio Nome E' Nessuno,Ennio Morricone,2007,The Platinum Collection [Disc 1],,"(9, 20)",Ennio Morricone,Ennio Morricone,,Il Mio Nome E Nessuno,Ennio Morricone,The Platinum Collection,,,2007,0,True,
2482,Addio A Palermo,Ennio Morricone,2007,The Platinum Collection [Disc 1],,"(8, 20)",Ennio Morricone,Ennio Morricone,,Addio A Palermo,Ennio Morricone,The Platinum Collection,,,2007,0,True,
2484,La Donna Della Domenica,Ennio Morricone,2007,The Platinum Collection [Disc 1],,"(6, 20)",Ennio Morricone,Ennio Morricone,,La Donna Della Domenica,Ennio Morricone,The Platinum Collection,,,2007,0,True,
2486,Speranze Di Libertà,Ennio Morricone,2007,The Platinum Collection [Disc 1],,"(11, 20)",Ennio Morricone,Ennio Morricone,,Speranze Di Libertà,Ennio Morricone,The Platinum Collection,,,2007,0,True,
2487,"Il Buono, Il Brutto, Il Cattivo",Ennio Morricone,2007,The Platinum Collection [Disc 1],,"(2, 20)",Ennio Morricone,Ennio Morricone,,"Il Buono, Il Brutto, Il Cattivo",Ennio Morricone,The Platinum Collection,,,2007,0,True,
2488,Tema D'amore Disperato,Ennio Morricone,2007,The Platinum Collection [Disc 1],,"(10, 20)",Ennio Morricone,Ennio Morricone,,Tema Damore Disperato,Ennio Morricone,The Platinum Collection,,,2007,0,True,
2489,Tema D'Amore,Ennio Morricone,2007,The Platinum Collection [Disc 1],,"(17, 20)",Ennio Morricone,Ennio Morricone,,Tema DAmore,Ennio Morricone,The Platinum Collection,,,2007,0,True,
2490,La Moglie Più Bella,Ennio Morricone,2007,The Platinum Collection [Disc 1],,"(19, 20)",Ennio Morricone,Ennio Morricone,,La Moglie Più Bella,Ennio Morricone,The Platinum Collection,,,2007,0,True,
2491,Morricone: The Mission - Gabriel's Oboe,Ennio Morricone,2007,The Platinum Collection [Disc 1],,"(1, 20)",Ennio Morricone,Ennio Morricone,,Morricone: The Mission - Gabriels Oboe,Ennio Morricone,The Platinum Collection,,,2007,0,True,
2492,Barbablù,Ennio Morricone,2007,The Platinum Collection [Disc 1],,"(16, 20)",Ennio Morricone,Ennio Morricone,,Barbablù,Ennio Morricone,The Platinum Collection,,,2007,0,True,
2493,Lontano,Ennio Morricone,2007,The Platinum Collection [Disc 1],,"(15, 20)",Ennio Morricone,Ennio Morricone,,Lontano,Ennio Morricone,The Platinum Collection,,,2007,0,True,
2494,Viaggio Con Anita,Ennio Morricone,2007,The Platinum Collection [Disc 1],,"(18, 20)",Ennio Morricone,Ennio Morricone,,Viaggio Con Anita,Ennio Morricone,The Platinum Collection,,,2007,0,True,
2498,Per Un Pugno Di Dollari,Ennio Morricone,2007,The Platinum Collection [Disc 1],,"(20, 20)",Ennio Morricone,Ennio Morricone,,Per Un Pugno Di Dollari,Ennio Morricone,The Platinum Collection,,,2007,0,True,
2499,Inseguimento E Fuga,Ennio Morricone,2007,The Platinum Collection [Disc 1],,"(14, 20)",Ennio Morricone,Ennio Morricone,,Inseguimento E Fuga,Ennio Morricone,The Platinum Collection,,,2007,0,True,
2500,Paura Sulla Città,Ennio Morricone,2007,The Platinum Collection [Disc 1],,"(12, 20)",Ennio Morricone,Ennio Morricone,,Paura Sulla Città,Ennio Morricone,The Platinum Collection,,,2007,0,True,
2501,Romanza Quartiere,Ennio Morricone,2007,The Platinum Collection [Disc 2],,"(13, 20)",Ennio Morricone,Ennio Morricone,,Romanza Quartiere,Ennio Morricone,The Platinum Collection,,,2007,0,True,
2502,Viva La Revolution,Ennio Morricone,2007,The Platinum Collection [Disc 2],,"(17, 20)",Ennio Morricone,Ennio Morricone,,Viva La Revolution,Ennio Morricone,The Platinum Collection,,,2007,0,True,
2503,Dal Sex Appeal Al Primo Fellini,Ennio Morricone,2007,The Platinum Collection [Disc 2],,"(4, 20)",Ennio Morricone,Ennio Morricone,,Dal Sex Appeal Al Primo Fellini,Ennio Morricone,The Platinum Collection,,,2007,0,True,
2504,Si Muore d'Amore,Ennio Morricone,2007,The Platinum Collection [Disc 2],,"(14, 20)",Ennio Morricone,Ennio Morricone,,Si Muore dAmore,Ennio Morricone,The Platinum Collection,,,2007,0,True,
2505,Via Mala,Ennio Morricone,2007,The Platinum Collection [Disc 2],,"(10, 20)",Ennio Morricone,Ennio Morricone,,Via Mala,Ennio Morricone,The Platinum Collection,,,2007,0,True,
2507,Il Vizietto,Ennio Morricone,2007,The Platinum Collection [Disc 2],,"(9, 20)",Ennio Morricone,Ennio Morricone,,Il Vizietto,Ennio Morricone,The Platinum Collection,,,2007,0,True,
2508,Venuta Dal Mare,Ennio Morricone,2007,The Platinum Collection [Disc 2],,"(18, 20)",Ennio Morricone,Ennio Morricone,,Venuta Dal Mare,Ennio Morricone,The Platinum Collection,,,2007,0,True,
2510,L'uomo dell'Armonica,Ennio Morricone,2007,The Platinum Collection [Disc 2],,"(5, 20)",Ennio Morricone,Ennio Morricone,,Luomo dellArmonica,Ennio Morricone,The Platinum Collection,,,2007,0,True,
2511,Il Segreto Del Sahara,Ennio Morricone,2007,The Platinum Collection [Disc 2],,"(6, 20)",Ennio Morricone,Ennio Morricone,,Il Segreto Del Sahara,Ennio Morricone,The Platinum Collection,,,2007,0,True,
2513,La Cosa Buffa,Ennio Morricone,2007,The Platinum Collection [Disc 2],,"(11, 20)",Ennio Morricone,Ennio Morricone,,La Cosa Buffa,Ennio Morricone,The Platinum Collection,,,2007,0,True,
2514,Dimenticare Palermo,Ennio Morricone,2007,The Platinum Collection [Disc 2],,"(12, 20)",Ennio Morricone,Ennio Morricone,,Dimenticare Palermo,Ennio Morricone,The Platinum Collection,,,2007,0,True,
2515,Algeri I Novembre 1954,Ennio Morricone,2007,The Platinum Collection [Disc 2],,"(7, 20)",Ennio Morricone,Ennio Morricone,,Algeri I Novembre 1954,Ennio Morricone,The Platinum Collection,,,2007,0,True,
2516,La Tragedia Di Un Uomo Ridicolo,Ennio Morricone,2007,The Platinum Collection [Disc 2],,"(20, 20)",Ennio Morricone,Ennio Morricone,,La Tragedia Di Un Uomo Ridicolo,Ennio Morricone,The Platinum Collection,,,2007,0,True,
2517,Thieves After Dark,Ennio Morricone,2007,The Platinum Collection [Disc 2],,"(15, 20)",Ennio Morricone,Ennio Morricone,,Thieves After Dark,Ennio Morricone,The Platinum Collection,,,2007,0,True,
2519,Il Vento Il Grido,Ennio Morricone,2007,The Platinum Collection [Disc 2],,"(19, 20)",Ennio Morricone,Ennio Morricone,,Il Vento Il Grido,Ennio Morricone,The Platinum Collection,,,2007,0,True,
2520,Estate 1943,Ennio Morricone,2007,The Platinum Collection [Disc 2],,"(16, 20)",Ennio Morricone,Ennio Morricone,,Estate 1943,Ennio Morricone,The Platinum Collection,,,2007,0,True,
2521,Crescete E Moltiplicatevi,Ennio Morricone,2007,The Platinum Collection,,"(17, 20)",Ennio Morricone,Ennio Morricone,,Crescete E Moltiplicatevi,Ennio Morricone,The Platinum Collection,,,2007,0,True,
2524,Romanzo,Ennio Morricone,2007,The Platinum Collection,,"(5, 20)",Ennio Morricone,Ennio Morricone,,Romanzo,Ennio Morricone,The Platinum Collection,,,2007,0,True,
2525,La Ragion Pura,Ennio Morricone,2007,The Platinum Collection,,"(20, 20)",Ennio Morricone,Ennio Morricone,,La Ragion Pura,Ennio Morricone,The Platinum Collection,,,2007,0,True,
2526,La Ballata Di Hank McCain,Ennio Morricone,2007,The Platinum Collection,,"(19, 20)",Ennio Morricone,Ennio Morricone,,La Ballata Di Hank McCain,Ennio Morricone,The Platinum Collection,,,2007,0,True,
2531,Per Qualche Dollaro In Più,Ennio Morricone,2007,The Platinum Collection,,"(4, 20)",Ennio Morricone,Ennio Morricone,,Per Qualche Dollaro In Più,Ennio Morricone,The Platinum Collection,,,2007,0,True,
2533,The Falls,Ennio Morricone,2007,The Platinum Collection,,"(6, 20)",Ennio Morricone,Ennio Morricone,,The Falls,Ennio Morricone,The Platinum Collection,,,2007,0,True,
2535,I Crudeli,Ennio Morricone,2007,The Platinum Collection,,"(10, 20)",Ennio Morricone,Ennio Morricone,,I Crudeli,Ennio Morricone,The Platinum Collection,,,2007,0,True,
2536,L'Uomo Proiettile,Ennio Morricone,2007,The Platinum Collection,,"(16, 20)",Ennio Morricone,Ennio Morricone,,LUomo Proiettile,Ennio Morricone,The Platinum Collection,,,2007,0,True,
2537,Tema Di Dunja,Ennio Morricone,2007,The Platinum Collection,,"(18, 20)",Ennio Morricone,Ennio Morricone,,Tema Di Dunja,Ennio Morricone,The Platinum Collection,,,2007,0,True,
2538,Maturità,Ennio Morricone,2007,The Platinum Collection,,"(3, 20)",Ennio Morricone,Ennio Morricone,,Maturità,Ennio Morricone,The Platinum Collection,,,2007,0,True,
2541,Groovin' With You (Intergalactic Harbour Mix),The Gentle People,1998,Chilled Euphoria [Disc 2],,"(4, 14)",The Gentle People,The Gentle People,,Groovin With You,The Gentle People,Chilled Euphoria,,,1998,0,False,
2543,Early,Chicane,1997,Chilled Euphoria [Disc 2],,"(8, 14)",Chicane,Nick Bracegirdle,,Early,Chicane,Chilled Euphoria,,,1997,0,False,
2544,This Love,Craig Armstrong,1997,Chilled Euphoria [Disc 2],,"(14, 14)",Craig Armstrong,"Armstrong, Burns",,This Love,Craig Armstrong,Chilled Euphoria,,,1997,0,False,
2545,Second Hand,Underworld,1994,Chilled Euphoria [Disc 2],,"(6, 14)",Underworld,"Smith, Hyde, Emerson",,Second Hand,Underworld,Chilled Euphoria,,,1994,0,False,
2546,Synaesthesia (Alaska's Sunset Mix),The Thrillseekers,1999,Chilled Euphoria [Disc 2],,"(13, 14)",The Thrillseekers,S Helstrip,,Synaesthesia,The Thrillseekers,Chilled Euphoria,,,1999,0,False,
2547,Into The Dawn,Accadia,2000,Chilled Euphoria [Disc 2],,"(1, 14)",Accadia,Michael Woods,,Into The Dawn,Accadia,Chilled Euphoria,,,2000,0,False,
2548,Dream Universe (16B Still Waters Symphony Mix),C.M.,2000,Chilled Euphoria [Disc 2],,"(12, 14)",C.M.,"Marino Stephano, Crisci Mauro",,Dream Universe,C.M.,Chilled Euphoria,,,2000,0,False,
2549,Composure,Junk Project,2000,Chilled Euphoria [Disc 2],,"(3, 14)",Junk Project,"Reysan Khan, Andreas Kramer",,Composure,Junk Project,Chilled Euphoria,,,2000,0,False,
2552,Seven Cities (Ambient Dub),Solar Stone,2000,Chilled Euphoria [Disc 2],,"(5, 14)",Solar Stone,"Rich Mowatt, Andy Bury",,Seven Cities,Solar Stone,Chilled Euphoria,,,2000,0,False,
2553,Twilo Thunder (Auranaut Remix),Breeder,2000,Chilled Euphoria [Disc 2],,"(2, 14)",Breeder,"Simon Noble, Rowan Blades",,Twilo Thunder,Breeder,Chilled Euphoria,,,2000,0,False,
2554,Come Together,Primal Scream,1990,Chilled Euphoria [Disc 2],,"(9, 14)",Primal Scream,"Gillespie, Innes, Young",,Come Together,Primal Scream,Chilled Euphoria,,,1990,0,False,
2555,Saltwater [The Thrillseekers Remix],Chicane,2000,Chilled Euphoria [Disc 1],,"(13, 14)",Chicane,Mixed by Red Jerry,,Saltwater,Chicane,Chilled Euphoria,,,2000,0,False,
2556,Invisible,Tilt,1998,Chilled Euphoria [Disc 1],,"(11, 14)",Tilt,Mixed by Red Jerry,,Invisible,Tilt,Chilled Euphoria,,,1998,0,False,
2557,Bedrock [3.2 Bedrock Ambient Mix],Humate,1998,Chilled Euphoria [Disc 1],,"(12, 14)",Humate,Mixed by Red Jerry,,Bedrock,Humate,Chilled Euphoria,,,1998,0,False,
2559,From Russia With Love [Alaska Remix],Matt Darey Pres Dsp,2000,Chilled Euphoria [Disc 1],,"(7, 14)",Matt Darey Pres Dsp,Mixed by Red Jerry,,From Russia With Love,Matt Darey Pres Dsp,Chilled Euphoria,,,2000,0,False,
2561,Drifting Away ' Spy Theme' From Trigger Happy TV,Faithless,1996,Chilled Euphoria [Disc 1],,"(1, 14)",Faithless,Mixed by Red Jerry,,Drifting Away  Spy Theme From Trigger Happy TV,Faithless,Chilled Euphoria,,,1996,0,False,
2563,Jillanity [Original Album Version Edit],L.S.G.,2000,Chilled Euphoria [Disc 1],,"(9, 14)",L.S.G.,Mixed by Red Jerry,,Jillanity,L.S.G.,Chilled Euphoria,,,2000,0,False,
2566,Cafe Del Mar [Michael Woods Remix],Energy 52,2000,Chilled Euphoria [Disc 1],,"(4, 14)",Energy 52,Mixed by Red Jerry,,Cafe Del Mar,Energy 52,Chilled Euphoria,,,2000,0,False,
2567,Ambient 1 / Music For Airports,Brian Eno,1978,Chilled Euphoria [Disc 1],,"(8, 14)",Brian Eno,Mixed by Red Jerry,,Ambient 1 / Music For Airports,Brian Eno,Chilled Euphoria,,,1978,0,False,
2568,Touched By God,Katcha,2000,Chilled Euphoria [Disc 1],,"(2, 14)",Katcha,Mixed by Red Jerry,,Touched By God,Katcha,Chilled Euphoria,,,2000,0,False,
2570,I'm Nuthin',Ethan Hawke,1994,Reality Bites,,"(10, 14)",Ethan Hawke,David Baerwald,,Im Nuthin,Ethan Hawke,Reality Bites,,,1994,0,False,
2571,Locked Out,Crowded House,1994,Reality Bites,,"(8, 14)",Crowded House,Neil Finn,,Locked Out,Crowded House,Reality Bites,,,1994,0,False,
2574,Turnip Farm,Dinosaur Jr,1994,Reality Bites,,"(11, 14)",Dinosaur Jr,Kurt Fedora/J. Mascis,,Turnip Farm,Dinosaur Jr,Reality Bites,,,1994,0,False,
2575,Spinning Around Over You,Lenny Kravitz,1994,Reality Bites,,"(9, 14)",Lenny Kravitz,C. Ross/Lenny Kravitz,,Spinning Around Over You,Lenny Kravitz,Reality Bites,,,1994,0,False,
2576,Tempted 1994,Squeeze,1994,Reality Bites,,"(13, 14)",Squeeze,G. Tilbrook/Chris Difford,,Tempted 1994,Squeeze,Reality Bites,,,1994,0,False,
2578,Revival!,Me Phi Me,1994,Reality Bites,,"(12, 14)",Me Phi Me,Me Phi Me/CCT,,Revival!,Me Phi Me,Reality Bites,,,1994,0,False,
2579,When You Come Back To Me,World Party,1994,Reality Bites,,"(4, 14)",World Party,Carl Walenger,,When You Come Back To Me,World Party,Reality Bites,,,1994,0,False,
2580,"Going, Going, Gone",The Posies,1994,Reality Bites,,"(5, 14)",The Posies,Kenneth Stringfellow/Jonathan Auer,,"Going, Going, Gone",The Posies,Reality Bites,,,1994,0,False,
2583,Kiss That Sound,Pulsedriver,1999,Gatecrasher Red - Plasma,,"(10, 18)",Pulsedriver,Gatecrasher,,Kiss That Sound,Pulsedriver,Gatecrasher Red - Plasma,,,1999,0,True,
2585,Firewalk,Basic Avalon,1999,Gatecrasher Red - Plasma,,"(9, 18)",Basic Avalon,Gatecrasher,,Firewalk,Basic Avalon,Gatecrasher Red - Plasma,,,1999,0,True,
2586,Odyssey (Original Mix),Inflexion,1999,Gatecrasher Red - Plasma,,"(1, 18)",Inflexion,Gatecrasher,,Odyssey,Inflexion,Gatecrasher Red - Plasma,,,1999,0,True,
2588,The Sun Is Shining (Mash Up Matt Remix),Techniques,1999,Gatecrasher Red - Plasma,,"(8, 18)",Techniques,Gatecrasher,,The Sun Is Shining,Techniques,Gatecrasher Red - Plasma,,,1999,0,True,
2589,Feel The Pressure (Baby Doc Remix),Signum,1999,Gatecrasher Red - Plasma,,"(16, 18)",Signum,Gatecrasher,,Feel The Pressure,Signum,Gatecrasher Red - Plasma,,,1999,0,True,
2590,Touched By God (Original),Catcha,1999,Gatecrasher Red - Plasma,,"(7, 18)",Catcha,Gatecrasher,,Touched By God,Catcha,Gatecrasher Red - Plasma,,,1999,0,True,
2591,Suspicious Love (DJ Jamx & De Leon's Dumonde Mix),Basic Avalon,1999,Gatecrasher Red - Plasma,,"(14, 18)",Basic Avalon,Gatecrasher,,Suspicious Love,Basic Avalon,Gatecrasher Red - Plasma,,,1999,0,True,
2592,Vision Control,Marino Stephano,1999,Gatecrasher Red - Plasma,,"(11, 18)",Marino Stephano,Gatecrasher,,Vision Control,Marino Stephano,Gatecrasher Red - Plasma,,,1999,0,True,
2593,Theme From Norefiell (DJ Jan & Christopher Chantzis Mix),DJ Tiësto,1999,Gatecrasher Red - Plasma,,"(13, 18)",DJ Tiësto,Gatecrasher,,Theme From Norefiell,DJ Tiësto,Gatecrasher Red - Plasma,,,1999,0,True,
2594,My Dreams Will Come True,Summer Spirit feat. Taytjana,1999,Gatecrasher Red - Plasma,,"(4, 18)",Summer Spirit feat. Taytjana,Gatecrasher,,My Dreams Will Come True,Summer Spirit feat. Taytjana,Gatecrasher Red - Plasma,,,1999,0,True,
2595,After The Meteor,Phrenetic System,1999,Gatecrasher Red - Plasma,,"(12, 18)",Phrenetic System,Gatecrasher,,After The Meteor,Phrenetic System,Gatecrasher Red - Plasma,,,1999,0,True,
2598,Atmospheres,Kayestone,1999,Gatecrasher Red - Plasma,,"(3, 18)",Kayestone,Gatecrasher,,Atmospheres,Kayestone,Gatecrasher Red - Plasma,,,1999,0,True,
2599,Gouryella - Gouryella,Gouryella,1999,Gatecrasher Red - Plasma,,"(15, 18)",Gouryella,Gatecrasher,,Gouryella - Gouryella,Gouryella,Gatecrasher Red - Plasma,,,1999,0,True,
2622,Baker Street,Gerry Rafferty,1997,Soft Rock Collected,,"(11, 16)",Gerry Rafferty,,,Baker Street,Gerry Rafferty,Soft Rock Collected,,,1997,0,True,
2629,Alone,Heart,1987,Soft Rock Collected,,"(3, 16)",Heart,,,Alone,Heart,Soft Rock Collected,,,1987,0,True,
2630,(I Just) Died In Your Arms,Cutting Crew,1986,Soft Rock Collected,,"(10, 16)",Cutting Crew,,, Died In Your Arms,Cutting Crew,Soft Rock Collected,,,1986,0,True,
2631,"Swan Lake, Op. 20: No. 2 Valse (Corps de Ballet)",Various Artists,2003-10-13T07:00:00Z,100 Classical Hits,19048151,"(12, 20)",London Symphony Orchestra & Pierre Monteux,,,"Swan Lake, Op. 20: No. 2 Valse",Various Artists,100 Classical Hits,,,2003,0,False,
2635,Experiment IV,Kate Bush,1986,The Whole Story,,"(10, 12)",Kate Bush,Kate Bush,,Experiment IV,Kate Bush,The Whole Story,,,1986,0,True,
2637,Wuthering Heights,Kate Bush,1986,The Whole Story,,"(1, 12)",Kate Bush,Kate Bush,,Wuthering Heights,Kate Bush,The Whole Story,,,1986,0,True,
2640,Sat In Your Lap,Kate Bush,1981,The Whole Story,,"(9, 12)",Kate Bush,Kate Bush,,Sat In Your Lap,Kate Bush,The Whole Story,,,1981,0,True,
2644,"Swan Lake, Op. 20: No. 14 Scène (Moderato)",Various Artists,2008-02-01T08:00:00Z,Relaxing Classics,273166001,"(7, 9)",Leonard Slatkin,Piotr Ilich Tchaikovsky,,"Swan Lake, Op. 20: No. 14 Scène",Various Artists,Relaxing Classics,,,2008,0,False,
2646,Interrogation,Trevor Jones,1994,In The Name Of The Father,,"(5, 10)",Trevor Jones,Trevor Jones,,Interrogation,Trevor Jones,In The Name Of The Father,,,1994,0,False,
2647,You Made Me The Thief Of Your Heart,Sinéad O'Connor,1994,In The Name Of The Father,,"(10, 10)",Sinéad O'Connor,Gavin Friday/Maurice Roycroft/Bono,,You Made Me The Thief Of Your Heart,Sinéad OConnor,In The Name Of The Father,,,1994,0,False,
2649,Walking The Circle,Trevor Jones,1994,In The Name Of The Father,,"(7, 10)",Trevor Jones,Trevor Jones,,Walking The Circle,Trevor Jones,In The Name Of The Father,,,1994,0,False,
2650,Passage Of Time,Trevor Jones,1994,In The Name Of The Father,,"(9, 10)",Trevor Jones,Trevor Jones,,Passage Of Time,Trevor Jones,In The Name Of The Father,,,1994,0,False,
2651,Billy Boola,Bono & Gavin Friday,1994,In The Name Of The Father,,"(3, 10)",Bono & Gavin Friday,Bono/Gavin Friday/Maurice Roycroft,,Billy Boola,Bono,In The Name Of The Father,,,1994,0,False,
2652,Voodoo Child (Slight Return),The Jimi Hendrix Experience,1968,In The Name Of The Father,,"(2, 10)",The Jimi Hendrix Experience,Jimi Hendrix,,Voodoo Child,The Jimi Hendrix Experience,In The Name Of The Father,,,1968,0,False,
2653,In The Name Of The Father,Bono & Gavin Friday,1994,In The Name Of The Father,,"(1, 10)",Bono & Gavin Friday,Maurice Roycroft/Gavin Friday/Tommy Hayes/Bono,,In The Name Of The Father,Bono,In The Name Of The Father,,,1994,0,False,
2654,Dedicated Follower Of Fashion,The Kinks,1966,In The Name Of The Father,,"(4, 10)",The Kinks,Ray Davies,,Dedicated Follower Of Fashion,The Kinks,In The Name Of The Father,,,1966,0,False,
2656,Ghosts (Redanka's Sooky Disko Vocal Remix),TenthPlanet,2001,Gatecrasher Discotech Generation [Disc 1],,"(6, 18)",TenthPlanet,Gatecrasher,,Ghosts,TenthPlanet,Gatecrasher Discotech Generation,,,2001,0,True,
2660,Kites (Fade Sanctuary Remix),Angel,2001,Gatecrasher Discotech Generation [Disc 1],,"(9, 18)",Angel,Gatecrasher,,Kites,Angel,Gatecrasher Discotech Generation,,,2001,0,True,
2661,Love In Traffic (John Creamer & Stephane K Remix),Satoshi Tomiie,2001,Gatecrasher Discotech Generation [Disc 1],,"(3, 18)",Satoshi Tomiie,Gatecrasher,,Love In Traffic,Satoshi Tomiie,Gatecrasher Discotech Generation,,,2001,0,True,
2663,Labyrinth (Part One),Mogwai,2001,Gatecrasher Discotech Generation [Disc 1],,"(12, 18)",Mogwai,Gatecrasher,,Labyrinth,Mogwai,Gatecrasher Discotech Generation,,,2001,0,True,
2664,Papua New Guinea (Hybrid Mix),Futue Sound of London,2001,Gatecrasher Discotech Generation [Disc 1],,"(1, 18)",Futue Sound of London,Gatecrasher,,Papua New Guinea,Futue Sound of London,Gatecrasher Discotech Generation,,,2001,0,True,
2665,I Will Be With You (John Johnson Club Mix),Ursulas World,2001,Gatecrasher Discotech Generation [Disc 1],,"(14, 18)",Ursulas World,Gatecrasher,,I Will Be With You,Ursulas World,Gatecrasher Discotech Generation,,,2001,0,True,
2666,Virtuoso (Airheadz Remix),S Apex,2001,Gatecrasher Discotech Generation [Disc 1],,"(15, 18)",S Apex,Gatecrasher,,Virtuoso,S Apex,Gatecrasher Discotech Generation,,,2001,0,True,
2667,Starving Dolphins,Meridian,2001,Gatecrasher Discotech Generation [Disc 1],,"(13, 18)",Meridian,Gatecrasher,,Starving Dolphins,Meridian,Gatecrasher Discotech Generation,,,2001,0,True,
2668,The Free Fall (The Opus),Beam & Yanou,2001,Gatecrasher Discotech Generation [Disc 1],,"(17, 18)",Beam & Yanou,Gatecrasher,,The Free Fall,Beam,Gatecrasher Discotech Generation,,,2001,0,True,
2669,Unreal,Doran Vs. Joshua Ryan,2001,Gatecrasher Discotech Generation [Disc 1],,"(18, 18)",Doran Vs. Joshua Ryan,Gatecrasher,,Unreal,Doran Vs. Joshua Ryan,Gatecrasher Discotech Generation,,,2001,0,True,
2670,Questions Must Be Asked (Kayestone's Recon Mix),David Forbes,2001,Gatecrasher Discotech Generation [Disc 1],,"(16, 18)",David Forbes,Gatecrasher,,Questions Must Be Asked,David Forbes,Gatecrasher Discotech Generation,,,2001,0,True,
2672,Velvet Voodoo (Original Praha Mix),G.P.,2001,Gatecrasher Discotech Generation [Disc 1],,"(2, 18)",G.P.,Gatecrasher,,Velvet Voodoo,G.P.,Gatecrasher Discotech Generation,,,2001,0,True,
2674,Animal,Lost It.Com,2001,Gatecrasher Discotech Generation [Disc 2],,"(11, 18)",Lost It.Com,Gatecrasher,,Animal,Lost It.Com,Gatecrasher Discotech Generation,,,2001,0,True,
2675,Lift,Natious,2001,Gatecrasher Discotech Generation [Disc 2],,"(2, 18)",Natious,Gatecrasher,,Lift,Natious,Gatecrasher Discotech Generation,,,2001,0,True,
2676,Don't Wake Me Up (Original Mix),The Argonauts,2001,Gatecrasher Discotech Generation [Disc 2],,"(10, 18)",The Argonauts,Gatecrasher,,Dont Wake Me Up,The Argonauts,Gatecrasher Discotech Generation,,,2001,0,True,
2677,Klang,P.G.L.,2001,Gatecrasher Discotech Generation [Disc 2],,"(18, 18)",P.G.L.,Gatecrasher,,Klang,P.G.L.,Gatecrasher Discotech Generation,,,2001,0,True,
2679,Voodoo,Warrior,2001,Gatecrasher Discotech Generation [Disc 2],,"(17, 18)",Warrior,Gatecrasher,,Voodoo,Warrior,Gatecrasher Discotech Generation,,,2001,0,True,
2681,The Atheist,Corvin Dalek,2001,Gatecrasher Discotech Generation [Disc 2],,"(3, 18)",Corvin Dalek,Gatecrasher,,The Atheist,Corvin Dalek,Gatecrasher Discotech Generation,,,2001,0,True,
2682,Redemption (Dead Sea Mix),Conjure One,2001,Gatecrasher Discotech Generation [Disc 2],,"(1, 18)",Conjure One,Gatecrasher,,Redemption,Conjure One,Gatecrasher Discotech Generation,,,2001,0,True,
2683,Excession (Blue Velvet Remix),Altitude,2001,Gatecrasher Discotech Generation [Disc 2],,"(5, 18)",Altitude,Gatecrasher,,Excession,Altitude,Gatecrasher Discotech Generation,,,2001,0,True,
2685,Dr. King's Dream (Frank J's Remix),Geof Lawz Project,2001,Gatecrasher Discotech Generation [Disc 2],,"(14, 18)",Geof Lawz Project,Gatecrasher,,Dr. Kings Dream,Geof Lawz Project,Gatecrasher Discotech Generation,,,2001,0,True,
2686,Release Me,Factor 9,2001,Gatecrasher Discotech Generation [Disc 2],,"(13, 18)",Factor 9,Gatecrasher,,Release Me,Factor 9,Gatecrasher Discotech Generation,,,2001,0,True,
2687,Lost Emotions,Fire & Ice,2001,Gatecrasher Discotech Generation [Disc 2],,"(12, 18)",Fire & Ice,Gatecrasher,,Lost Emotions,Fire,Gatecrasher Discotech Generation,,,2001,0,True,
2688,Folie A Deux (Klub Mix),S.H.O.K.K.,2001,Gatecrasher Discotech Generation [Disc 2],,"(16, 18)",S.H.O.K.K.,Gatecrasher,,Folie A Deux,S.H.O.K.K.,Gatecrasher Discotech Generation,,,2001,0,True,
2690,She Rides,D:Fuse & Joy,2001,Gatecrasher Discotech Generation [Disc 2],,"(4, 18)",D:Fuse & Joy,Gatecrasher,,She Rides,D:Fuse,Gatecrasher Discotech Generation,,,2001,0,True,
2712,"Girl, You'll Be A Woman Soon",Urge Overkill,1994,Pulp Fiction,,"(10, 16)",Urge Overkill,Al Green/Pulp Fiction,,"Girl, Youll Be A Woman Soon",Urge Overkill,Pulp Fiction,,,1994,0,False,
2716,Personality Goes A Long Way,Dialogue,1994,Pulp Fiction,,"(14, 16)",Dialogue,Al Green/Pulp Fiction,,Personality Goes A Long Way,Dialogue,Pulp Fiction,,,1994,0,False,
2718,Pumpkin & Honey Bunny/Miserlou,Dick Dale & The Del-Tones,1962,Pulp Fiction,,"(1, 16)",Dick Dale & The Del-Tones,Nicholas Roubanis,,Pumpkin & Honey Bunny/Miserlou,Dick Dale,Pulp Fiction,,,1962,0,False,
2720,Bring Out The Gimp/Comanche,The Revels,1965,Pulp Fiction,,"(12, 16)",The Revels,Al Green/Pulp Fiction,,Bring Out The Gimp/Comanche,The Revels,Pulp Fiction,,,1965,0,False,
2721,Son Of A Preacher Man,Dusty Springfield,1968,Pulp Fiction,,"(7, 16)",Dusty Springfield,Al Green/Pulp Fiction,,Son Of A Preacher Man,Dusty Springfield,Pulp Fiction,,,1968,0,False,
2722,Lonesome Town,Ricky Nelson,1958,Pulp Fiction,,"(6, 16)",Ricky Nelson,Al Green/Pulp Fiction,,Lonesome Town,Ricky Nelson,Pulp Fiction,,,1958,0,False,
2723,Zed's Dead Baby/Bullwinkle Part II,The Centurions,1963,Pulp Fiction,,"(8, 16)",The Centurions,Al Green/Pulp Fiction,,Zeds Dead Baby/Bullwinkle Part II,The Centurions,Pulp Fiction,,,1963,0,False,
2724,Ezekiel 25:17,Dialogue,1994,Pulp Fiction,,"(16, 16)",Dialogue,Al Green/Pulp Fiction,,Ezekiel 25:17,Dialogue,Pulp Fiction,,,1994,0,False,
2725,Royale With Cheese,Dialogue,1994,Pulp Fiction,,"(2, 16)",Dialogue,Al Green/Pulp Fiction,,Royale With Cheese,Dialogue,Pulp Fiction,,,1994,0,False,
2750,Pulverturm,Niels Van Gogh,1999,Gatecrasher Red ([Disc 1]: Plasma),,"(19, 22)",Niels Van Gogh,Gatecrasher,,Pulverturm,Niels Van Gogh,Gatecrasher Red,,,1999,0,True,
2751,Clarkness,Dave Cane,1999,Gatecrasher Red ([Disc 1]: Plasma),,"(8, 22)",Dave Cane,Gatecrasher,,Clarkness,Dave Cane,Gatecrasher Red,,,1999,0,True,
2752,The World 99 (Moonman Club Mix),Pulp Victim,1999,Gatecrasher Red ([Disc 1]: Plasma),,"(22, 22)",Pulp Victim,Gatecrasher,,The World 99,Pulp Victim,Gatecrasher Red,,,1999,0,True,
2753,Love Stimulation,Humate,1999,Gatecrasher Red ([Disc 1]: Plasma),,"(21, 22)",Humate,Gatecrasher,,Love Stimulation,Humate,Gatecrasher Red,,,1999,0,True,
2754,I.C.E. 794 (Thanks To Berlin Dub),HH,1999,Gatecrasher Red ([Disc 1]: Plasma),,"(7, 22)",HH,Gatecrasher,,I.C.E. 794,HH,Gatecrasher Red,,,1999,0,True,
2755,When I Grow Up,Garbage,1999,Gatecrasher Red ([Disc 1]: Plasma),,"(1, 22)",Garbage,Gatecrasher,,When I Grow Up,Garbage,Gatecrasher Red,,,1999,0,True,
2757,Turn Me On (John Digweed & Nick Muir's Bedrock Mix),Danny Tenaglia,1999,Gatecrasher Red ([Disc 1]: Plasma),,"(12, 22)",Danny Tenaglia,Gatecrasher,,Turn Me On,Danny Tenaglia,Gatecrasher Red,,,1999,0,True,
2758,Transcend (Moonman Remix),CASCADE,1999,Gatecrasher Red ([Disc 1]: Plasma),,"(20, 22)",CASCADE,Gatecrasher,,Transcend,CASCADE,Gatecrasher Red,,,1999,0,True,
2759,Happiness Happening,Tiësto,1999,Gatecrasher Red ([Disc 1]: Plasma),,"(13, 22)",Tiësto,Gatecrasher,,Happiness Happening,Tiësto,Gatecrasher Red,,,1999,0,True,
2760,Can't Get Enough (Robbie's Filterd Monster Anthem),Soulsearcher,1999,Gatecrasher Red ([Disc 1]: Plasma),,"(3, 22)",Soulsearcher,Gatecrasher,,Cant Get Enough,Soulsearcher,Gatecrasher Red,,,1999,0,True,
2761,Moonflight (Essential Club Mix),Green Court,1999,Gatecrasher Red ([Disc 1]: Plasma),,"(18, 22)",Green Court,Gatecrasher,,Moonflight,Green Court,Gatecrasher Red,,,1999,0,True,
2763,(You Got Me) Burning Up (Radio Edit),Cevin Fisher,1999,Gatecrasher Red ([Disc 1]: Plasma),,"(2, 22)",Cevin Fisher,Gatecrasher,,,Cevin Fisher,Gatecrasher Red,,,1999,0,True,
2764,Praise You (Full Version),Fatboy Slim,1999,Gatecrasher Red ([Disc 1]: Plasma),,"(4, 22)",Fatboy Slim,Gatecrasher,,Praise You,Fatboy Slim,Gatecrasher Red,,,1999,0,True,
2765,Messages,Solange Knowles,1999,Gatecrasher Red ([Disc 1]: Plasma),,"(16, 22)",Solange Knowles,Gatecrasher,,Messages,Solange Knowles,Gatecrasher Red,,,1999,0,True,
2766,Pearl River (Vocal Mix),Johnny Shaker,1999,Gatecrasher Red ([Disc 1]: Plasma),,"(17, 22)",Johnny Shaker,Gatecrasher,,Pearl River,Johnny Shaker,Gatecrasher Red,,,1999,0,True,
2767,Children (Tilt's Courtyard Mix),Robert Miles,1999,Gatecrasher Red ([Disc 1]: Plasma),,"(14, 22)",Robert Miles,Gatecrasher,,Children,Robert Miles,Gatecrasher Red,,,1999,0,True,
2768,Forever,Ron Hagen & Pascal,1999,Gatecrasher Red ([Disc 1]: Plasma),,"(15, 22)",Ron Hagen & Pascal,Gatecrasher,,Forever,Ron Hagen,Gatecrasher Red,,,1999,0,True,
2769,Unity,Orkidea,1999,Gatecrasher Red ([Disc 1]: Plasma),,"(5, 22)",Orkidea,Gatecrasher,,Unity,Orkidea,Gatecrasher Red,,,1999,0,True,
2773,All the Young Dudes,David Bowie,1997-10-27T08:00:00Z,The Best of David Bowie 1969/1974,695658254,"(20, 20)",David Bowie,David Bowie,,All the Young Dudes,David Bowie,The Best of David Bowie 1969/1974,,,1997,0,True,
2774,Starman,David Bowie,1993,The Best of David Bowie 1969/1974,695657369,"(3, 20)",David Bowie,David Bowie,,Starman,David Bowie,The Best of David Bowie 1969/1974,,,1993,0,True,
2775,Ziggy Stardust,David Bowie,1997-10-27T08:00:00Z,The Best of David Bowie 1969/1974,695657371,"(4, 20)",David Bowie,David Bowie,,Ziggy Stardust,David Bowie,The Best of David Bowie 1969/1974,,,1997,0,True,
2776,Space Oddity,David Bowie,1990,The Best of David Bowie 1969/1974,695657366,"(2, 20)",David Bowie,David Bowie,,Space Oddity,David Bowie,The Best of David Bowie 1969/1974,,,1990,0,True,
2778,Sorrow,David Bowie,1993,The Best of David Bowie 1969/1974,695658214,"(14, 20)",David Bowie,"Bob Feldman, Feldman, G Goldstein, Goldstein, Gottehrer & Richard Gottehrer",,Sorrow,David Bowie,The Best of David Bowie 1969/1974,,,1993,0,True,
2780,Diamond Dogs,David Bowie,1997-10-27T08:00:00Z,The Best of David Bowie 1969/1974,695658001,"(12, 20)",David Bowie,David Bowie,,Diamond Dogs,David Bowie,The Best of David Bowie 1969/1974,,,1997,0,True,
2781,The Man Who Sold the World,David Bowie,1997-10-27T08:00:00Z,The Best of David Bowie 1969/1974,695658251,"(18, 20)",David Bowie,David Bowie,,The Man Who Sold the World,David Bowie,The Best of David Bowie 1969/1974,,,1997,0,True,
2782,The Prettiest Star,David Bowie,1997-10-27T08:00:00Z,The Best of David Bowie 1969/1974,695658215,"(15, 20)",David Bowie,David Bowie,,The Prettiest Star,David Bowie,The Best of David Bowie 1969/1974,,,1997,0,True,
2784,Rebel Rebel,David Bowie,1990,The Best of David Bowie 1969/1974,695657376,"(6, 20)",David Bowie,David Bowie & David Bowie,,Rebel Rebel,David Bowie,The Best of David Bowie 1969/1974,,,1990,0,True,
2785,The Jean Genie,David Bowie,1972,The Best of David Bowie 1969/1974,695657352,"(1, 20)",David Bowie,David Bowie & David Bowie,,The Jean Genie,David Bowie,The Best of David Bowie 1969/1974,,,1972,0,True,
2786,Drive-In Saturday,David Bowie,1997-10-27T08:00:00Z,The Best of David Bowie 1969/1974,695657856,"(11, 20)",David Bowie,David Bowie,,Drive-In Saturday,David Bowie,The Best of David Bowie 1969/1974,,,1997,0,True,
2787,"John, I'm Only Dancing (Sax Version)",David Bowie,1997-10-27T08:00:00Z,The Best of David Bowie 1969/1974,695657374,"(5, 20)",David Bowie,David Bowie,,"John, Im Only Dancing",David Bowie,The Best of David Bowie 1969/1974,,,1997,0,True,
2788,Suffragette City,David Bowie,1997-10-27T08:00:00Z,The Best of David Bowie 1969/1974,695657510,"(8, 20)",David Bowie,David Bowie & David Bowie,,Suffragette City,David Bowie,The Best of David Bowie 1969/1974,,,1997,0,True,
2789,Aladdin Sane,David Bowie,1997-10-27T08:00:00Z,The Best of David Bowie 1969/1974,695658227,"(17, 20)",David Bowie,David Bowie,,Aladdin Sane,David Bowie,The Best of David Bowie 1969/1974,,,1997,0,True,
2790,Rock 'N' Roll Suicide,David Bowie,1997-10-27T08:00:00Z,The Best of David Bowie 1969/1974,695658252,"(19, 20)",David Bowie,David Bowie & Sir Edward Elgar,,Rock N Roll Suicide,David Bowie,The Best of David Bowie 1969/1974,,,1997,0,True,
2791,Oh! You Pretty Things,David Bowie,1997-10-27T08:00:00Z,The Best of David Bowie 1969/1974,695657613,"(9, 20)",David Bowie,David Bowie,,Oh! You Pretty Things,David Bowie,The Best of David Bowie 1969/1974,,,1997,0,True,
2792,Velvet Goldmine,David Bowie,1997-10-27T08:00:00Z,The Best of David Bowie 1969/1974,695657700,"(10, 20)",David Bowie,David Bowie & David Bowie,,Velvet Goldmine,David Bowie,The Best of David Bowie 1969/1974,,,1997,0,True,
2830,In Demand,Texas,2001,Woman II,,"(11, 19)",Texas,,,In Demand,Texas,Woman II,,,2001,0,False,
2835,I Will Love Again,Lara Fabian,1999,Woman II,,"(13, 19)",Lara Fabian,,,I Will Love Again,Lara Fabian,Woman II,,,1999,0,False,
2836,Independant Woman,Destiny's Child,2000,Woman II,,"(5, 19)",Destiny's Child,,,Independant Woman,Destinys Child,Woman II,,,2000,0,False,
2845,Man! I Feel Like A Woman!,Shania Twain,2001,Woman II,,"(3, 19)",Shania Twain,,,Man! I Feel Like A Woman!,Shania Twain,Woman II,,,2001,0,False,
2848,Clocks,Various Artists,2006-11-13T08:00:00Z,Rhythms del Mundo: Cuba,202049679,"(1, 17)",Chris Martin,"Guy Berryman, Jon Buckland & Will Champion",,Clocks,Various Artists,Rhythms del Mundo: Cuba,,,2006,0,False,
2849,Electronic Technology,Various Artists,2001,Gatecrasher Digital - Meltdown,,"(13, 13)",Norman DJ,Michael Fußeder,,Electronic Technology,Various Artists,Gatecrasher Digital - Meltdown,,,2001,0,True,
2850,Simulated,Various Artists,2001,Gatecrasher Digital - Meltdown,,"(3, 13)",Marco V,Benjamin Kuyten/Marco Verkuylen,,Simulated,Various Artists,Gatecrasher Digital - Meltdown,,,2001,0,True,
2851,Shadows And Lights,Various Artists,2001,Gatecrasher Digital - Meltdown,,"(9, 13)",Gollum & Yanny,Gollum & Yanny,,Shadows And Lights,Various Artists,Gatecrasher Digital - Meltdown,,,2001,0,True,
2852,Alpha Beta,Various Artists,2001,Gatecrasher Digital - Meltdown,,"(12, 13)",The Cosmosonics,Kevin Sieja/Oliver Cats/Thomas Stasiak,,Alpha Beta,Various Artists,Gatecrasher Digital - Meltdown,,,2001,0,True,
2853,Isn't It All A Little Strange?,Various Artists,2001,Gatecrasher Digital - Meltdown,,"(11, 13)",Shock,Giotto DJ/Reverb,,Isnt It All A Little Strange?,Various Artists,Gatecrasher Digital - Meltdown,,,2001,0,True,
2854,Kinda Scary,Various Artists,2001,Gatecrasher Digital - Meltdown,,"(4, 13)",Bosporus,Kerim Karaoglu/Paul Hutsch,,Kinda Scary,Various Artists,Gatecrasher Digital - Meltdown,,,2001,0,True,
2855,Maximizing The Audience,Various Artists,2001,Gatecrasher Digital - Meltdown,,"(8, 13)",Elastica Presents Jesus Elices,Wim Mertens,,Maximizing The Audience,Various Artists,Gatecrasher Digital - Meltdown,,,2001,0,True,
2856,Genetic Stress,Various Artists,2001,Gatecrasher Digital - Meltdown,,"(1, 13)",Complex Climate,M.I.K.E.,,Genetic Stress,Various Artists,Gatecrasher Digital - Meltdown,,,2001,0,True,
2857,Getaway,Various Artists,2001,Gatecrasher Digital - Meltdown,,"(7, 13)",Terry Bones,Bruno Thierry,,Getaway,Various Artists,Gatecrasher Digital - Meltdown,,,2001,0,True,
2859,Progressive Future,Various Artists,2001,Gatecrasher Digital - Meltdown,,"(2, 13)",V-2,L-Vee,,Progressive Future,Various Artists,Gatecrasher Digital - Meltdown,,,2001,0,True,
2860,Be As One,Various Artists,2001,Gatecrasher Digital - Meltdown,,"(5, 13)",Steve Castro,Steve Castro,,Be As One,Various Artists,Gatecrasher Digital - Meltdown,,,2001,0,True,
2861,The Wild Side,Various Artists,2001,Gatecrasher Digital - Meltdown,,"(10, 13)",Vespa 63,C. Rochat/P. Martin,,The Wild Side,Various Artists,Gatecrasher Digital - Meltdown,,,2001,0,True,
2862,Tale O' The Twister,Chagall Guevara,1990,Pump Up The Volume,,"(11, 11)",Chagall Guevara,Pump up the Volume,,Tale O The Twister,Chagall Guevara,Pump Up The Volume,,,1990,0,False,
2863,Me And The Devil Blues,Cowboy Junkies,1990,Pump Up The Volume,,"(10, 11)",Cowboy Junkies,Pump up the Volume,,Me And The Devil Blues,Cowboy Junkies,Pump Up The Volume,,,1990,0,False,
2864,Why Can't I Fall In Love,Ivan Neville,1990,Pump Up The Volume,,"(2, 11)",Ivan Neville,Pump up the Volume,,Why Cant I Fall In Love,Ivan Neville,Pump Up The Volume,,,1990,0,False,
2866,Everybody Knows,Concrete Blonde,1988,Pump Up The Volume,,"(1, 11)",Concrete Blonde,Pump up the Volume,,Everybody Knows,Concrete Blonde,Pump Up The Volume,,,1988,0,False,
2868,Heretic,Soundgarden,1985,Pump Up The Volume,,"(8, 11)",Soundgarden,Pump up the Volume,,Heretic,Soundgarden,Pump Up The Volume,,,1985,0,False,
2869,Kick Out The Jams,Bad Brains Feat. Henry Rollins,1990,Pump Up The Volume,,"(6, 11)",Bad Brains Feat. Henry Rollins,Pump up the Volume,,Kick Out The Jams,Bad Brains,Pump Up The Volume,,,1990,0,False,
2872,Stand,Liquid Jesus,1969,Pump Up The Volume,,"(3, 11)",Liquid Jesus,Pump up the Volume,,Stand,Liquid Jesus,Pump Up The Volume,,,1969,0,False,
2885,Rhymes Of An Hour,Soundtrack,1992,Stealing Beauty,,"(9, 12)",Mazzy Star,Hope Sandoval/David Roback,,Rhymes Of An Hour,Soundtrack,Stealing Beauty,,,1992,0,False,
2886,Rocket Boy,Soundtrack,1994,Stealing Beauty,,"(5, 12)",Liz Phair,Liz Phair/Jim Ellison,,Rocket Boy,Soundtrack,Stealing Beauty,,,1994,0,False,
2887,2 Wicky,Soundtrack,1996,Stealing Beauty,,"(1, 12)",Hoover,Burt Bacharach/Alex Callier/Raymond Geerts/Hal David,,2 Wicky,Soundtrack,Stealing Beauty,,,1996,0,False,
2888,You Won't Fall,Soundtrack,1996,Stealing Beauty,,"(11, 12)",Lori Carson,Lori Carson,,You Wont Fall,Soundtrack,Stealing Beauty,,,1996,0,False,
2889,Glory Box,Soundtrack,1994,Stealing Beauty,,"(2, 12)",Portishead,Adrian Utley/Isaac Hayes/Geoff Barrow/Beth Gibbons,,Glory Box,Soundtrack,Stealing Beauty,,,1994,0,False,
2890,I'll Be Seeing You,Soundtrack,1945,Stealing Beauty,,"(8, 12)",Billie Holiday,Sammy Fain/Irving Kahal,,Ill Be Seeing You,Soundtrack,Stealing Beauty,,,1945,0,False,
2891,My Baby Just Cares For Me,Soundtrack,1957,Stealing Beauty,,"(7, 12)",Nina Simone,Walter Donaldson/Gus Kahn,,My Baby Just Cares For Me,Soundtrack,Stealing Beauty,,,1957,0,False,
2892,Annie Mae,Soundtrack,1990,Stealing Beauty,,"(4, 12)",John Lee Hooker,John Lee Hooker,,Annie Mae,Soundtrack,Stealing Beauty,,,1990,0,False,
2893,Superstition,Soundtrack,1972,Stealing Beauty,,"(6, 12)",Stevie Wonder,Stevie Wonder,,Superstition,Soundtrack,Stealing Beauty,,,1972,0,False,
2894,If 6 Was 9,Soundtrack,1996,Stealing Beauty,,"(3, 12)",Axiom,Jimi Hendrix,,If 6 Was 9,Soundtrack,Stealing Beauty,,,1996,0,False,
2895,I Need Love,Soundtrack,1960,Stealing Beauty,,"(12, 12)",Sam Phillips,Sam Phillips,,I Need Love,Soundtrack,Stealing Beauty,,,1960,0,False,
2896,Alice,Soundtrack,1992,Stealing Beauty,,"(10, 12)",Cocteau Twins,Cocteau Twins,,Alice,Soundtrack,Stealing Beauty,,,1992,0,False,
2897,I Follow Rivers (Lykke Li Cover),Various Artists,2014-06-16T07:00:00Z,"Bands Under the Radar, Vol. 10: Summer Lovin'",890233236,"(4, 10)",Triggerfinger,,,I Follow Rivers,Various Artists,"Bands Under the Radar, Vol. 10: Summer Lovin",,,2014,0,False,
2899,Morricone: Chi Mai,Various Artists,1987,Spirits Music For The Soul- Volume 2,,"(6, 18)",Various Artists,Ennio Morricone,,Morricone: Chi Mai,Various Artists,Spirits Music For The Soul- Volume 2,,,1987,0,True,
2900,Cantus - Song Of Tears [Clean],Adiemus,1996,Spirits Music For The Soul- Volume 2,,"(2, 18)",Adiemus,Various,,Cantus - Song Of Tears,Adiemus,Spirits Music For The Soul- Volume 2,,,1996,0,True,
2901,Terre D'Oru,I Muvrini featuring Sting,,Spirits Music For The Soul- Volume 2,,"(11, 18)",I Muvrini featuring Sting,Various,,Terre DOru,I Muvrini featuring Sting,Spirits Music For The Soul- Volume 2,,,,0,True,
2902,Mike Oldfield - Hibernaculum,Mike Oldfield,,Spirits Music For The Soul- Volume 2,,"(8, 18)",Mike Oldfield,Various,,Mike Oldfield - Hibernaculum,Mike Oldfield,Spirits Music For The Soul- Volume 2,,,,0,True,
2903,Hildegard: Laus Trinitati,"Emily Van Evera, Germaine Fritz, Richard Souther",,Spirits Music For The Soul- Volume 2,,"(18, 18)","Emily Van Evera, Germaine Fritz, Richard Souther",Hildegrad Von Bingen,,Hildegard: Laus Trinitati,"Emily Van Evera, Germaine Fritz, Richard Souther",Spirits Music For The Soul- Volume 2,,,,0,True,
2905,Aria On Air,Malcolm McLaren,,Spirits Music For The Soul- Volume 2,,"(5, 18)",Malcolm McLaren,Various,,Aria On Air,Malcolm McLaren,Spirits Music For The Soul- Volume 2,,,,0,True,
2908,Youssou N'Dour - My hope is in you,Youssou N'Dour,,Spirits Music For The Soul- Volume 2,,"(7, 18)",Youssou N'Dour,Various,,Youssou NDour - My hope is in you,Youssou NDour,Spirits Music For The Soul- Volume 2,,,,0,True,
2909,Era - Mother,Era,,Spirits Music For The Soul- Volume 2,,"(17, 18)",Era,Various,,Era - Mother,Era,Spirits Music For The Soul- Volume 2,,,,0,True,
2913,Robbie Robertson - Coyote Dance,Robbie Robertson & The Red Road Ensemble,,Spirits Music For The Soul- Volume 2,,"(14, 18)",Robbie Robertson & The Red Road Ensemble,Various,,Robbie Robertson - Coyote Dance,Robbie Robertson,Spirits Music For The Soul- Volume 2,,,,0,True,
2914,Maire Brennan - Oro,Máire Brennan,,Spirits Music For The Soul- Volume 2,,"(9, 18)",Máire Brennan,Various,,Maire Brennan - Oro,Máire Brennan,Spirits Music For The Soul- Volume 2,,,,0,True,
2915,Lisa Gerrard - Nadir,Lisa Gerrard & Pieter Bourke,,Spirits Music For The Soul- Volume 2,,"(12, 18)",Lisa Gerrard & Pieter Bourke,Various,,Lisa Gerrard - Nadir,Lisa Gerrard,Spirits Music For The Soul- Volume 2,,,,0,True,
2925,Cassidy,Erevan Tusk,2011,"Folk Tunes, Vol. 2",709089241,"(18, 21)",Erevan Tusk,"Erevan Tusk, Viudès, Paillard, Desse, Cortes & Genty",,Cassidy,Erevan Tusk,"Folk Tunes, Vol. 2",,,2011,0,False,
2931,50'S,House of Wolves,2011,"Folk Tunes, Vol. 2",709089237,"(16, 21)",House of Wolves,Rey Villalobos,,50S,House of Wolves,"Folk Tunes, Vol. 2",,,2011,0,False,
2999,Stay You,Original Television Soundtrack,1999,Songs From Dawson's Creek,,"(6, 14)",Wood,Wood,,Stay You,Original Television Soundtrack,Songs From Dawsons Creek,,,1999,0,True,
3000,Kiss Me,Original Television Soundtrack,1999,Songs From Dawson's Creek,,"(1, 14)",Sixpence None The Richer,Sixpence None The Richer,,Kiss Me,Original Television Soundtrack,Songs From Dawsons Creek,,,1999,0,True,
3001,Life's A Bitch,Original Television Soundtrack,1999,Songs From Dawson's Creek,,"(4, 14)",Shooter,Jessica Simpson,,Lifes A Bitch,Original Television Soundtrack,Songs From Dawsons Creek,,,1999,0,True,
3002,Feels Like Home,Original Television Soundtrack,1999,Songs From Dawson's Creek,,"(3, 14)",Chantal Kreviazuk,Jessica Simpson,,Feels Like Home,Original Television Soundtrack,Songs From Dawsons Creek,,,1999,0,True,
3003,Letting Go,Original Television Soundtrack,1999,Songs From Dawson's Creek,,"(11, 14)",Kim Sozzi,Jessica Simpson,,Letting Go,Original Television Soundtrack,Songs From Dawsons Creek,,,1999,0,True,
3004,Lose Your Way,Original Television Soundtrack,1999,Songs From Dawson's Creek,,"(2, 14)",Sophie B. Hawkins,Jessica Simpson,,Lose Your Way,Original Television Soundtrack,Songs From Dawsons Creek,,,1999,0,True,
3005,Ready For A Fall,Original Television Soundtrack,1999,Songs From Dawson's Creek,,"(5, 14)",P.J. Olsson,"Olsson, PJ",,Ready For A Fall,Original Television Soundtrack,Songs From Dawsons Creek,,,1999,0,True,
3006,London Rain (Nothing Heals Me Like You Do),Original Television Soundtrack,1998,Songs From Dawson's Creek,,"(9, 14)",Heather Nova,Jessica Simpson,,London Rain,Original Television Soundtrack,Songs From Dawsons Creek,,,1998,0,True,
3007,To Be Loved,Original Television Soundtrack,1999,Songs From Dawson's Creek,,"(10, 14)",Curtis Stigers,Jessica Simpson,,To Be Loved,Original Television Soundtrack,Songs From Dawsons Creek,,,1999,0,True,
3008,Any Lucky Penny,Original Television Soundtrack,1999,Songs From Dawson's Creek,,"(7, 14)",Nikki Hassman,Nikki Hassman,,Any Lucky Penny,Original Television Soundtrack,Songs From Dawsons Creek,,,1999,0,True,
3009,Cry Ophelia,Original Television Soundtrack,1999,Songs From Dawson's Creek,,"(12, 14)",Adam Cohen,Jessica Simpson,,Cry Ophelia,Original Television Soundtrack,Songs From Dawsons Creek,,,1999,0,True,
3010,I Don't Want To Wait,Original Television Soundtrack,1996,Songs From Dawson's Creek,,"(14, 14)",Paula Cole,Paula Cole,,I Dont Want To Wait,Original Television Soundtrack,Songs From Dawsons Creek,,,1996,0,True,
3011,Shimmer,Original Television Soundtrack,1998,Songs From Dawson's Creek,,"(8, 14)",Shawn Mullins,Jessica Simpson,,Shimmer,Original Television Soundtrack,Songs From Dawsons Creek,,,1998,0,True,
3012,Did You Ever Love Somebody,Original Television Soundtrack,1999,Songs From Dawson's Creek,,"(13, 14)",Jessica Simpson,Jessica Simpson,,Did You Ever Love Somebody,Original Television Soundtrack,Songs From Dawsons Creek,,,1999,0,True,
3033,Ice Flowers,York Feat. Angelina,2006,Cafe D'Afrique III,,"(1, 17)",York Feat. Angelina,,,Ice Flowers,York,Cafe DAfrique III,,,2006,0,True,
3034,Refraction,Iridium Project,2006,Cafe D'Afrique III,,"(13, 17)",Iridium Project,,,Refraction,Iridium Project,Cafe DAfrique III,,,2006,0,True,
3036,Sail Into The Sun,The Funky Lowlives,2006,Cafe D'Afrique III,,"(7, 17)",The Funky Lowlives,,,Sail Into The Sun,The Funky Lowlives,Cafe DAfrique III,,,2006,0,True,
3038,Hands On A Miracle,Newtown Feat. Amy Elle,2006,Cafe D'Afrique III,,"(11, 17)",Newtown Feat. Amy Elle,,,Hands On A Miracle,Newtown,Cafe DAfrique III,,,2006,0,True,
3040,Times May Change You,Goldfish,2006,Cafe D'Afrique III,,"(4, 17)",Goldfish,,,Times May Change You,Goldfish,Cafe DAfrique III,,,2006,0,True,
3042,People,Bareman,2006,Cafe D'Afrique III,,"(12, 17)",Bareman,,,People,Bareman,Cafe DAfrique III,,,2006,0,True,
3043,Aqua,Chris Palmer & Kirsten Moseley,2006,Cafe D'Afrique III,,"(16, 17)",Chris Palmer & Kirsten Moseley,,,Aqua,Chris Palmer,Cafe DAfrique III,,,2006,0,True,
3044,New Jazz Nigeria,Dino Moran,2006,Cafe D'Afrique III,,"(8, 17)",Dino Moran,,,New Jazz Nigeria,Dino Moran,Cafe DAfrique III,,,2006,0,True,
3045,Cha-Ka-Tu (Sunset Mix),Hibiki Connection,2006,Cafe D'Afrique III,,"(6, 17)",Hibiki Connection,,,Cha-Ka-Tu,Hibiki Connection,Cafe DAfrique III,,,2006,0,True,
3046,Mona Lisa’s Smile [Instrumental],Firstly Famous,2006,Cafe D'Afrique III,,"(17, 17)",Firstly Famous,,,Mona Lisas Smile,Firstly Famous,Cafe DAfrique III,,,2006,0,True,
3047,The Effect On Me,Mint Royale,2006,Cafe D'Afrique III,,"(14, 17)",Mint Royale,,,The Effect On Me,Mint Royale,Cafe DAfrique III,,,2006,0,True,
3048,The End,Anima Sound System,2006,Cafe D'Afrique III,,"(15, 17)",Anima Sound System,,,The End,Anima Sound System,Cafe DAfrique III,,,2006,0,True,
3049,Sympathy [Vocal Version],Jeff Bennett's Lounge Experience Feat. Alexandra,2006,Cafe D'Afrique III,,"(10, 17)",Jeff Bennett's Lounge Experience Feat. Alexandra,,,Sympathy,Jeff Bennetts Lounge Experience,Cafe DAfrique III,,,2006,0,True,
3255,"4 Impromptus, Op. 90, D. 899: No. 2 in E flat: Allegro",Alfred Brendel,1987,Schubert: The Complete Impromptus - Moments Musicaux,79494585,"(2, 9)",Alfred Brendel,Franz Schubert,,"4 Impromptus, Op. 90, D. 899: No. 2 in E flat: Allegro",Alfred Brendel,Schubert: The Complete Impromptus - Moments Musicaux,,,1987,0,True,
3256,"6 Moments Musicaux, Op. 94 D. 780: No. 2 in A-Flat (Andantino)",Alfred Brendel,1997-01-01T08:00:00Z,Schubert: The Complete Impromptus - Moments Musicaux,79494633,"(5, 10)",Alfred Brendel,Franz Schubert,,"6 Moments Musicaux, Op. 94 D. 780: No. 2 in A-Flat",Alfred Brendel,Schubert: The Complete Impromptus - Moments Musicaux,,,1997,0,True,
3257,"3 Klavierstücke, D.946: No.1 in E flat minor (Allegro assai)",Alfred Brendel,1997-01-01T08:00:00Z,Schubert: The Complete Impromptus - Moments Musicaux,79494617,"(1, 10)",Alfred Brendel,Franz Schubert,,"3 Klavierstücke, D.946: No.1 in E flat minor",Alfred Brendel,Schubert: The Complete Impromptus - Moments Musicaux,,,1997,0,True,
3258,"4 Impromptus, Op. 90, D. 899: No. 4 in A flat: Allegretto",Alfred Brendel,1987,Schubert: The Complete Impromptus - Moments Musicaux,79494593,"(4, 9)",Alfred Brendel,Franz Schubert,,"4 Impromptus, Op. 90, D. 899: No. 4 in A flat: Allegretto",Alfred Brendel,Schubert: The Complete Impromptus - Moments Musicaux,,,1987,0,True,
3259,"4 Impromptus Op.142, D.935: No.4 in F minor: Allegro scherzando",Alfred Brendel,1995,Schubert: The Complete Impromptus - Moments Musicaux,79494609,"(8, 9)",Alfred Brendel,Franz Schubert,,"4 Impromptus Op.142, D.935: No.4 in F minor: Allegro scherzando",Alfred Brendel,Schubert: The Complete Impromptus - Moments Musicaux,,,1995,0,True,
3260,"3 Klavierstücke, D.946: No.3 in C (Allegro)",Alfred Brendel,1993,Schubert: The Complete Impromptus - Moments Musicaux,79494625,"(3, 10)",Alfred Brendel,Franz Schubert,,"3 Klavierstücke, D.946: No.3 in C",Alfred Brendel,Schubert: The Complete Impromptus - Moments Musicaux,,,1993,0,True,
3261,"4 Impromptus Op.142, D.935: No.1 in F minor: Allegro moderato",Alfred Brendel,1995,Schubert: The Complete Impromptus - Moments Musicaux,79494597,"(5, 9)",Alfred Brendel,Franz Schubert,,"4 Impromptus Op.142, D.935: No.1 in F minor: Allegro moderato",Alfred Brendel,Schubert: The Complete Impromptus - Moments Musicaux,,,1995,0,True,
3262,"4 Impromptus Op.142, D.935: No.3 in B flat: Theme (Andante) with Variations",Alfred Brendel,1987,Schubert: The Complete Impromptus - Moments Musicaux,79494605,"(7, 9)",Alfred Brendel,Franz Schubert,,"4 Impromptus Op.142, D.935: No.3 in B flat: Theme with Variations",Alfred Brendel,Schubert: The Complete Impromptus - Moments Musicaux,,,1987,0,True,
3263,"6 Moments Musicaux, Op. 94 D. 780: No. 4 in C-Sharp minor (Moderato)",Alfred Brendel,1997-01-01T08:00:00Z,Schubert: The Complete Impromptus - Moments Musicaux,79494641,"(7, 10)",Alfred Brendel,Franz Schubert,,"6 Moments Musicaux, Op. 94 D. 780: No. 4 in C-Sharp minor",Alfred Brendel,Schubert: The Complete Impromptus - Moments Musicaux,,,1997,0,True,
3264,"4 Impromptus, Op. 90, D. 899: No. 3 in G flat: Andante",Alfred Brendel,1987,Schubert: The Complete Impromptus - Moments Musicaux,79494589,"(3, 9)",Alfred Brendel,Franz Schubert,,"4 Impromptus, Op. 90, D. 899: No. 3 in G flat: Andante",Alfred Brendel,Schubert: The Complete Impromptus - Moments Musicaux,,,1987,0,True,
3265,"6 Moments Musicaux, Op. 94 D. 780: No. 3 in F minor (Allegro moderato)",Alfred Brendel,1997-01-01T08:00:00Z,Schubert: The Complete Impromptus - Moments Musicaux,79494637,"(6, 10)",Alfred Brendel,Franz Schubert,,"6 Moments Musicaux, Op. 94 D. 780: No. 3 in F minor",Alfred Brendel,Schubert: The Complete Impromptus - Moments Musicaux,,,1997,0,True,
3266,"6 Moments Musicaux, Op. 94 D. 780: No. 6 in A Flat (Allegretto)",Alfred Brendel,1997-01-01T08:00:00Z,Schubert: The Complete Impromptus - Moments Musicaux,79494649,"(9, 10)",Alfred Brendel,Franz Schubert,,"6 Moments Musicaux, Op. 94 D. 780: No. 6 in A Flat",Alfred Brendel,Schubert: The Complete Impromptus - Moments Musicaux,,,1997,0,True,
3267,"4 Impromptus Op.142, D.935: No.2 in A flat: Allegretto",Alfred Brendel,1987,Schubert: The Complete Impromptus - Moments Musicaux,79494601,"(6, 9)",Alfred Brendel,Franz Schubert,,"4 Impromptus Op.142, D.935: No.2 in A flat: Allegretto",Alfred Brendel,Schubert: The Complete Impromptus - Moments Musicaux,,,1987,0,True,
3268,"6 Moments Musicaux, Op. 94 D. 780: No. 1 in C (Moderato)",Alfred Brendel,1997-01-01T08:00:00Z,Schubert: The Complete Impromptus - Moments Musicaux,79494629,"(4, 10)",Alfred Brendel,Franz Schubert,,"6 Moments Musicaux, Op. 94 D. 780: No. 1 in C",Alfred Brendel,Schubert: The Complete Impromptus - Moments Musicaux,,,1997,0,True,
3269,"16 German Dances, D. 783",Alfred Brendel,1997-01-01T08:00:00Z,Schubert: The Complete Impromptus - Moments Musicaux,79494613,"(9, 9)",Alfred Brendel,Franz Schubert,,"16 German Dances, D. 783",Alfred Brendel,Schubert: The Complete Impromptus - Moments Musicaux,,,1997,0,True,
3270,"3 Klavierstücke, D.946: No.2 in E flat (Allegretto)",Alfred Brendel,1997-01-01T08:00:00Z,Schubert: The Complete Impromptus - Moments Musicaux,79494621,"(2, 10)",Alfred Brendel,Franz Schubert,,"3 Klavierstücke, D.946: No.2 in E flat",Alfred Brendel,Schubert: The Complete Impromptus - Moments Musicaux,,,1997,0,True,
3271,"12 German Dances, D. 790",Alfred Brendel,1997-01-01T08:00:00Z,Schubert: The Complete Impromptus - Moments Musicaux,79494653,"(10, 10)",Alfred Brendel,Franz Schubert,,"12 German Dances, D. 790",Alfred Brendel,Schubert: The Complete Impromptus - Moments Musicaux,,,1997,0,True,
3272,"6 Moments Musicaux, Op. 94 D. 780: No. 5 in F minor (Allegro vivace)",Alfred Brendel,1997-01-01T08:00:00Z,Schubert: The Complete Impromptus - Moments Musicaux,79494645,"(8, 10)",Alfred Brendel,Franz Schubert,,"6 Moments Musicaux, Op. 94 D. 780: No. 5 in F minor",Alfred Brendel,Schubert: The Complete Impromptus - Moments Musicaux,,,1997,0,True,
3273,"4 Impromptus, Op. 90, D. 899: No. 1 in C minor: Allegro molto moderato",Alfred Brendel,1995,Schubert: The Complete Impromptus - Moments Musicaux,79494581,"(1, 9)",Alfred Brendel,Franz Schubert,,"4 Impromptus, Op. 90, D. 899: No. 1 in C minor: Allegro molto moderato",Alfred Brendel,Schubert: The Complete Impromptus - Moments Musicaux,,,1995,0,True,
3277,Junge Leute,Netnakisum,2009,Nutville,,"(7, 16)",Netnakisum,"Music by Adler, Bear Family Records",,Junge Leute,Netnakisum,Nutville,,,2009,0,True,
3278,Landflucht,Netnakisum,2009,Nutville,,"(3, 16)",Netnakisum,Music by Leonhard Paul,,Landflucht,Netnakisum,Nutville,,,2009,0,True,
3279,Briefmark,Netnakisum,2009,Nutville,,"(10, 16)",Netnakisum,"Words by J. Ringelnatz (phonetics group GbR), Music by Kritschil",,Briefmark,Netnakisum,Nutville,,,2009,0,True,
3280,Wal,Netnakisum,2009,Nutville,,"(11, 16)",Netnakisum,Music by Marie-Theres Härtel,,Wal,Netnakisum,Nutville,,,2009,0,True,
3281,Jubiläumswunsch,Netnakisum,2009,Nutville,,"(1, 16)",Netnakisum,"Music by Marie-Theres Härtel, Arranged by Netnakisum",,Jubiläumswunsch,Netnakisum,Nutville,,,2009,0,True,
3282,Payadora,Netnakisum,2009,Nutville,,"(14, 16)",Netnakisum,Music by Julian Plaza,,Payadora,Netnakisum,Nutville,,,2009,0,True,
3283,Nutville,Netnakisum,2009,Nutville,,"(5, 16)",Netnakisum,Music by Horace Silver (Ecaroh Music Company),,Nutville,Netnakisum,Nutville,,,2009,0,True,
3284,Tanzbar,Netnakisum,2009,Nutville,,"(2, 16)",Netnakisum,Music by Johanna Kugler,,Tanzbar,Netnakisum,Nutville,,,2009,0,True,
3285,Hanschiwalzer,Netnakisum,2009,Nutville,,"(6, 16)",Netnakisum,Music by Johannes Dickbauer,,Hanschiwalzer,Netnakisum,Nutville,,,2009,0,True,
3286,Bluesette,Netnakisum,2009,Nutville,,"(9, 16)",Netnakisum,"Words by Norman Gimbel, Music by Jean Thielemans (MCA Music Publishing)",,Bluesette,Netnakisum,Nutville,,,2009,0,True,
3287,Because,Netnakisum,2009,Nutville,,"(12, 16)",Netnakisum,Paul Mc Cartney (Sony ATV Publishing)/Music & Words by John Lennon,,Because,Netnakisum,Nutville,,,2009,0,True,
3288,Reinkarnationsjodler,Netnakisum,2009,Nutville,,"(15, 16)",Netnakisum,Traditional,,Reinkarnationsjodler,Netnakisum,Nutville,,,2009,0,True,
3289,Reprise of Wal,Netnakisum,2009,Nutville,,"(13, 16)",Netnakisum,Music by Marie-Theres Härtel,,Reprise of Wal,Netnakisum,Nutville,,,2009,0,True,
3290,Toxic,Netnakisum,2009,Nutville,,"(16, 16)",Netnakisum,Jonback (EMI Music Publishing)/Karlsson/Winnberg/Words & Music by Dennis,,Toxic,Netnakisum,Nutville,,,2009,0,True,
3291,Streichergirls,Netnakisum,2009,Nutville,,"(4, 16)",Netnakisum,"Traditional, Words by Netnakisum",,Streichergirls,Netnakisum,Nutville,,,2009,0,True,
3292,Marsch bei meinen Eltern,Netnakisum,2009,Nutville,,"(8, 16)",Netnakisum,Music by Linde Gansch,,Marsch bei meinen Eltern,Netnakisum,Nutville,,,2009,0,True,
3293,The King and All of His Men,Wolf Gang,2009-11-13T08:00:00Z,The King and All of His Men - Single,338501198,"(1, 2)",Wolf Gang,,,The King and All of His Men,Wolf Gang,The King and All of His Men - Single,,,2009,0,False,
3545,The Falls,Ennio Morricone,1986,Film Music 1966-1987 [Disc 2],,"(7, 16)",Ennio Morricone,Morricone,,The Falls,Ennio Morricone,Film Music 1966-1987,,,1986,0,True,
3546,Once Upon A Time In America (Cockey's Theme),Ennio Morricone,1984,Film Music 1966-1987 [Disc 2],,"(1, 16)",Ennio Morricone,Morricone,,Once Upon A Time In America,Ennio Morricone,Film Music 1966-1987,,,1984,0,True,
3547,The Man With The Harmonica,Ennio Morricone,1987,Film Music 1966-1987 [Disc 2],,"(10, 16)",Ennio Morricone,Morricone,,The Man With The Harmonica,Ennio Morricone,Film Music 1966-1987,,,1987,0,True,
3552,Moses' Theme,Ennio Morricone,1975,Film Music 1966-1987 [Disc 2],,"(8, 16)",Ennio Morricone,Morricone,,Moses Theme,Ennio Morricone,Film Music 1966-1987,,,1975,0,True,
3553,Estate 1943,Ennio Morricone,1973,Film Music 1966-1987 [Disc 2],,"(6, 16)",Ennio Morricone,Morricone,,Estate 1943,Ennio Morricone,Film Music 1966-1987,,,1973,0,True,
3554,Morricone: The Mission - Gabriel's Oboe,Ennio Morricone,1986,Film Music 1966-1987 [Disc 2],,"(2, 16)",Ennio Morricone,Ennio Morricone,,Morricone: The Mission - Gabriels Oboe,Ennio Morricone,Film Music 1966-1987,,,1986,0,True,
3557,Once Upon A Time In American (Deborah's Theme),Ennio Morricone,1984,Film Music 1966-1987 [Disc 2],,"(16, 16)",Ennio Morricone,Morricone,,Once Upon A Time In American,Ennio Morricone,Film Music 1966-1987,,,1984,0,True,
3559,I Feel Love (Dj Jamx & De Leon Mix),Kasper,,Fucking Good Cheese,,"(2, 16)",CRW,,,I Feel Love,Kasper,Fucking Good Cheese,,,,0,True,
3560,Where Are you Now? (Moonman Remix),Kasper,,Fucking Good Cheese,,"(1, 16)",The Generator,,,Where Are you Now?,Kasper,Fucking Good Cheese,,,,0,True,
3561,Carte Blanche (Original Mix),Kasper,,Fucking Good Cheese,,"(8, 16)",Veracocha,,,Carte Blanche,Kasper,Fucking Good Cheese,,,,0,True,
3562,Track 16,,,Fucking Good Cheese,,1,,Kasper,,Track 16,,Fucking Good Cheese,,,,0,True,
3564,Love Stimulation (Blank & Jones Mix),Kasper,,Fucking Good Cheese,,"(14, 16)",Humate,,,Love Stimulation,Kasper,Fucking Good Cheese,,,,0,True,
3566,What Ya Got 4 Me (Mixed by Judge Jules),Kasper,,Fucking Good Cheese,,"(7, 16)",Signum,,,What Ya Got 4 Me,Kasper,Fucking Good Cheese,,,,0,True,
3567,Dream Universe (Beamish),Kasper,,Fucking Good Cheese,,"(11, 16)",CM,,,Dream Universe,Kasper,Fucking Good Cheese,,,,0,True,
3568,Diving Faces (Tom Wax & Jakarta Mix),Kasper,,Fucking Good Cheese,,"(9, 16)",Liquid Child,,,Diving Faces,Kasper,Fucking Good Cheese,,,,0,True,
3570,Out Of The Blue (Original Mix),Kasper,,Fucking Good Cheese,,"(10, 16)",System F,,,Out Of The Blue,Kasper,Fucking Good Cheese,,,,0,True,
3571,The Age Of Love (Paul Van Dyk Mix),Kasper,,Fucking Good Cheese,,"(12, 16)",Age Of Love,,,The Age Of Love,Kasper,Fucking Good Cheese,,,,0,True,
3572,9pm (Till I Come),Kasper,,Fucking Good Cheese,,"(15, 16)",ATB,,,9pm,Kasper,Fucking Good Cheese,,,,0,True,
3573,Flaming June (Bt and Pvd Mix),Kasper,,Fucking Good Cheese,,"(13, 16)",BT,,,Flaming June,Kasper,Fucking Good Cheese,,,,0,True,
3575,Bulgarian,Kasper,,Fucking Good Cheese,,"(6, 16)",Travel,,,Bulgarian,Kasper,Fucking Good Cheese,,,,0,True,
3577,Track 16,Kasper,,Fucking Good Cheese,,"(16, 16)",,,,Track 16,Kasper,Fucking Good Cheese,,,,0,True,
3645,A Moment With You,George Michael,1998,Ladies & Gentlemen: The Best Of George Michael [Disc 1],,"(9, 14)",George Michael,George Michael,,A Moment With You,George Michael,Ladies & Gentlemen: The Best Of George Michael,,,1998,0,True,
3646,Don't Let The Sun Down On Me,George Michael,1991,Ladies & Gentlemen: The Best Of George Michael [Disc 1],,"(4, 14)",George Michael & Elton John,"Bernie Taupin, Elton John",,Dont Let The Sun Down On Me,George Michael,Ladies & Gentlemen: The Best Of George Michael,,,1991,0,True,
3711,Help I'm Alive (Radio Edit),Metric,2008,Help I'm Alive - Single,303876195,"(1, 1)",Metric,E. Haines/J. Shaw,,Help Im Alive,Metric,Help Im Alive - Single,,,2008,0,False,
3787,Silver Springs [B-Side],Fleetwood Mac,1976,Rumours - 35th Anniversary Edition [Disc 1],,"(12, 12)",Fleetwood Mac,Stevie Nicks,,Silver Springs,Fleetwood Mac,Rumours - 35th Anniversary Edition,,,1976,0,True,
3909,Soulfire,Lab 4,2001,VIRUS [Disc 2] Tokyo Live,,"(9, 10)",Lab 4,,,Soulfire,Lab 4,VIRUS Tokyo Live,,,2001,0,True,
3910,Concept Of Love,Lab 4,2001,VIRUS [Disc 2] Tokyo Live,,"(6, 10)",Lab 4,,,Concept Of Love,Lab 4,VIRUS Tokyo Live,,,2001,0,True,
3911,Replicant,Lab 4,2001,VIRUS [Disc 2] Tokyo Live,,"(8, 10)",Lab 4,,,Replicant,Lab 4,VIRUS Tokyo Live,,,2001,0,True,
3912,F8,Lab 4,2001,VIRUS [Disc 2] Tokyo Live,,"(2, 10)",Lab 4,,,F8,Lab 4,VIRUS Tokyo Live,,,2001,0,True,
3913,The Creator,Lab 4,2001,VIRUS [Disc 2] Tokyo Live,,"(3, 10)",Lab 4,,,The Creator,Lab 4,VIRUS Tokyo Live,,,2001,0,True,
3914,Funknow,Lab 4,2001,VIRUS [Disc 2] Tokyo Live,,"(4, 10)",Lab 4,,,Funknow,Lab 4,VIRUS Tokyo Live,,,2001,0,True,
3915,F9,Lab 4,2001,VIRUS [Disc 2] Tokyo Live,,"(5, 10)",Lab 4,,,F9,Lab 4,VIRUS Tokyo Live,,,2001,0,True,
3916,Intro,Lab 4,2001,VIRUS [Disc 2] Tokyo Live,,"(1, 10)",Lab 4,,,Intro,Lab 4,VIRUS Tokyo Live,,,2001,0,True,
3917,Candyman,Lab 4,2001,VIRUS [Disc 2] Tokyo Live,,"(10, 10)",Lab 4,,,Candyman,Lab 4,VIRUS Tokyo Live,,,2001,0,True,
3918,The Witch,Lab 4,2001,VIRUS [Disc 2] Tokyo Live,,"(7, 10)",Lab 4,,,The Witch,Lab 4,VIRUS Tokyo Live,,,2001,0,True,
3919,Be My Lover,Lab 4,2002,Virus [Disc 1],,"(2, 10)",Lab 4,,,Be My Lover,Lab 4,Virus,,,2002,0,False,
3920,The Creator,Lab 4,2002,Virus [Disc 1],,"(3, 10)",Lab 4,,,The Creator,Lab 4,Virus,,,2002,0,False,
3921,Pure Kaos,Lab 4,2002,Virus [Disc 1],,"(10, 10)",Lab 4,,,Pure Kaos,Lab 4,Virus,,,2002,0,False,
3922,I Need Your Love,Lab 4,2002,Virus [Disc 1],,"(7, 10)",Lab 4,,,I Need Your Love,Lab 4,Virus,,,2002,0,False,
3923,Place Goes Boom,Lab 4,2002,Virus [Disc 1],,"(4, 10)",Lab 4,,,Place Goes Boom,Lab 4,Virus,,,2002,0,False,
3924,Play With The Pain,Lab 4,2002,Virus [Disc 1],,"(1, 10)",Lab 4,,,Play With The Pain,Lab 4,Virus,,,2002,0,False,
3925,Replicant,Lab 4,2002,Virus [Disc 1],,"(6, 10)",Lab 4,,,Replicant,Lab 4,Virus,,,2002,0,False,
3926,Resurrection,Lab 4,2002,Virus [Disc 1],,"(8, 10)",Lab 4,,,Resurrection,Lab 4,Virus,,,2002,0,False,
3927,The Bitch,Lab 4,2002,Virus [Disc 1],,"(5, 10)",Lab 4,,,The Bitch,Lab 4,Virus,,,2002,0,False,
3928,The 4th Floor,Lab 4,2002,Virus [Disc 1],,"(9, 10)",Lab 4,,,The 4th Floor,Lab 4,Virus,,,2002,0,False,
